Time,Distance_cm,Water_Percent,Pump
11:39:51,2,90,OFF
11:39:51,2,90,OFF
11:39:52,2,90,OFF
11:39:52,2,90,OFF
11:39:52,2,90,OFF
11:39:53,3,85,OFF
11:39:53,2,90,OFF
11:39:53,2,90,OFF
11:39:54,2,90,OFF
11:39:54,2,90,OFF
11:39:54,2,90,OFF
11:39:55,2,90,OFF
11:39:55,2,90,OFF
11:39:55,2,90,OFF
11:39:56,2,90,OFF
11:39:56,2,90,OFF
11:39:56,2,90,OFF
11:39:57,5,75,OFF
11:39:57,8,60,OFF
11:39:57,10,50,OFF
11:39:58,11,45,OFF
11:39:58,12,40,OFF
11:39:58,13,35,OFF
11:39:58,15,25,ON
11:39:59,15,25,ON
11:39:59,14,30,ON
11:39:59,14,30,ON
11:40:00,15,25,ON
11:40:00,16,20,ON
11:40:00,17,15,ON
11:40:01,18,10,ON
11:40:01,19,5,ON
11:40:01,20,0,ON
11:40:02,44,0,ON
11:40:02,44,0,ON
11:40:02,44,0,ON
11:40:03,44,0,ON
11:40:03,24,0,ON
11:40:03,44,0,ON
11:40:04,44,0,ON
11:40:04,44,0,ON
11:40:04,20,0,ON
11:40:05,43,0,ON
11:40:05,21,0,ON
11:40:05,22,0,ON
11:40:06,43,0,ON
11:40:06,15,25,ON
11:40:06,13,35,ON
11:40:07,11,45,ON
11:40:07,9,55,ON
11:40:08,10,50,ON
11:40:08,9,55,ON
11:40:08,8,60,ON
11:40:09,8,60,ON
11:40:09,8,60,ON
11:40:09,8,60,ON
11:40:10,7,65,ON
11:40:10,6,70,ON
11:40:10,6,70,ON
11:40:11,5,75,ON
11:40:11,4,80,ON
11:40:11,5,75,ON
11:40:12,4,80,ON
11:40:12,5,75,ON
11:40:13,5,75,ON
11:40:13,5,75,ON
11:40:13,5,75,ON
11:40:14,5,75,ON
11:40:14,5,75,ON
11:40:15,5,75,ON
11:40:15,5,75,ON
11:40:15,5,75,ON
11:40:16,5,75,ON
11:40:16,5,75,ON
11:40:17,5,75,ON
11:40:17,5,75,ON
11:40:17,5,75,ON
11:40:18,5,75,ON
11:40:18,5,75,ON
11:40:19,5,75,ON
11:40:19,4,80,ON
11:40:19,3,85,ON
11:40:20,4,80,ON
11:40:20,4,80,ON
11:40:21,4,80,ON
11:40:21,4,80,ON
11:40:22,4,80,ON
11:40:22,5,75,ON
11:40:23,5,75,ON
11:40:23,5,75,ON
11:40:24,5,75,ON
11:40:24,5,75,ON
11:40:24,5,75,ON
11:40:24,5,75,ON
11:40:25,5,75,ON
11:40:25,5,75,ON
11:40:25,5,75,ON
11:40:25,5,75,ON
11:40:26,5,75,ON
11:40:26,5,75,ON
11:40:26,5,75,ON
11:40:26,5,75,ON
11:40:27,5,75,ON
11:40:27,5,75,ON
11:40:27,5,75,ON
11:40:27,5,75,ON
11:40:28,4,80,ON
11:40:28,43,0,ON
11:40:28,43,0,ON
11:40:28,42,0,ON
11:40:28,7,65,ON
11:40:29,6,70,ON
11:40:29,10,50,ON
11:40:29,9,55,ON
11:40:29,11,45,ON
11:40:30,11,45,ON
11:40:30,11,45,ON
11:40:30,12,40,ON
11:40:30,12,40,ON
11:40:31,13,35,ON
11:40:31,12,40,ON
11:40:31,11,45,ON
11:40:31,11,45,ON
11:40:32,11,45,ON
11:40:32,10,50,ON
11:40:32,10,50,ON
11:40:33,10,50,ON
11:40:33,10,50,ON
11:40:34,10,50,ON
11:40:34,10,50,ON
11:40:34,10,50,ON
11:40:34,10,50,ON
11:40:35,11,45,ON
11:40:35,11,45,ON
11:40:35,10,50,ON
11:40:36,10,50,ON
11:40:36,10,50,ON
11:40:36,10,50,ON
11:40:37,10,50,ON
11:40:37,10,50,ON
11:40:37,10,50,ON
11:40:38,10,50,ON
11:40:38,10,50,ON
11:40:39,10,50,ON
11:40:39,10,50,ON
11:40:39,10,50,ON
11:40:39,10,50,ON
11:40:40,10,50,ON
11:40:40,10,50,ON
11:40:40,10,50,ON
11:40:41,10,50,ON
11:40:41,10,50,ON
11:40:41,10,50,ON
11:40:42,10,50,ON
11:40:42,10,50,ON
11:40:42,10,50,ON
11:40:43,10,50,ON
11:40:43,10,50,ON
11:40:43,10,50,ON
11:40:44,10,50,ON
11:40:44,10,50,ON
11:40:44,10,50,ON
11:40:45,10,50,ON
11:40:45,10,50,ON
11:40:45,10,50,ON
11:40:46,10,50,ON
11:40:46,10,50,ON
11:40:46,10,50,ON
11:40:47,10,50,ON
11:40:47,10,50,ON
11:40:47,10,50,ON
11:40:48,10,50,ON
11:40:48,10,50,ON
11:40:48,10,50,ON
11:40:49,10,50,ON
11:40:49,10,50,ON
11:40:49,11,45,ON
11:40:49,10,50,ON
11:40:50,10,50,ON
11:40:50,10,50,ON
11:40:50,10,50,ON
11:40:51,10,50,ON
11:40:51,10,50,ON
11:40:51,10,50,ON
11:40:52,10,50,ON
11:40:52,11,45,ON
11:40:52,10,50,ON
11:40:53,10,50,ON
11:40:53,10,50,ON
11:40:53,10,50,ON
11:40:54,10,50,ON
11:40:54,10,50,ON
11:40:54,10,50,ON
11:40:55,10,50,ON
11:40:55,10,50,ON
11:40:55,10,50,ON
11:40:56,10,50,ON
11:40:56,10,50,ON
11:40:56,10,50,ON
11:40:57,10,50,ON
11:40:57,10,50,ON
11:40:57,10,50,ON
11:40:58,10,50,ON
11:40:58,10,50,ON
11:40:58,10,50,ON
11:40:59,10,50,ON
11:40:59,10,50,ON
11:40:59,10,50,ON
11:41:00,10,50,ON
11:41:00,10,50,ON
11:41:00,10,50,ON
11:41:01,11,45,ON
11:41:01,11,45,ON
11:41:01,11,45,ON
11:41:02,11,45,ON
11:41:02,11,45,ON
11:41:02,11,45,ON
11:41:03,11,45,ON
11:41:03,12,40,ON
11:41:03,12,40,ON
11:41:04,15,25,ON
11:41:04,18,10,ON
11:41:04,19,5,ON
11:41:05,19,5,ON
11:41:05,37,0,ON
11:41:05,37,0,ON
11:41:06,25,0,ON
11:41:06,21,0,ON
11:41:06,20,0,ON
11:41:07,22,0,ON
11:41:07,22,0,ON
11:41:07,22,0,ON
11:41:08,21,0,ON
11:41:08,11,45,ON
11:41:08,9,55,ON
11:41:09,9,55,ON
11:41:09,9,55,ON
11:41:09,8,60,ON
11:41:10,8,60,ON
11:41:10,9,55,ON
11:41:10,9,55,ON
11:41:11,9,55,ON
11:41:11,9,55,ON
11:41:11,10,50,ON
11:41:12,11,45,ON
11:41:12,10,50,ON
11:41:12,10,50,ON
11:41:13,10,50,ON
11:41:13,10,50,ON
11:41:13,9,55,ON
11:41:14,7,65,ON
11:41:14,9,55,ON
11:49:15,2,90,OFF
11:49:18,2,90,OFF
11:49:19,2,90,OFF
11:49:21,2,90,OFF
11:49:22,2,90,OFF
11:49:24,2,90,OFF
11:49:26,2,90,OFF
11:49:27,2,90,OFF
11:49:29,2,90,OFF
11:49:31,2,90,OFF
11:49:32,2,90,OFF
11:49:34,4,80,OFF
11:49:36,4,80,OFF
11:49:38,4,80,OFF
11:49:40,5,75,OFF
11:49:42,5,75,OFF
11:49:44,4,80,OFF
11:49:45,5,75,OFF
11:49:47,4,80,OFF
11:49:49,5,75,OFF
11:49:51,6,70,OFF
11:49:53,5,75,OFF
12:02:58,2,90,OFF
12:02:59,4,80,OFF
12:03:00,2,90,OFF
12:03:00,2,90,OFF
12:03:01,2,90,OFF
12:03:02,2,90,OFF
12:03:02,2,90,OFF
12:03:03,2,90,OFF
12:03:03,2,90,OFF
12:03:04,2,90,OFF
12:03:04,4,80,OFF
12:03:05,4,80,OFF
12:03:06,3,85,OFF
12:03:06,4,80,OFF
12:03:07,6,70,OFF
12:03:07,7,65,OFF
12:03:08,7,65,OFF
12:03:08,7,65,OFF
12:03:09,7,65,OFF
12:03:10,7,65,OFF
12:03:10,8,60,OFF
12:03:11,7,65,OFF
12:03:11,7,65,OFF
12:03:12,8,60,OFF
12:03:12,8,60,OFF
12:03:13,8,60,OFF
12:03:13,7,65,OFF
12:03:14,8,60,OFF
12:03:15,8,60,OFF
12:03:15,8,60,OFF
12:03:16,8,60,OFF
12:03:16,9,55,OFF
12:03:17,9,55,OFF
12:03:17,8,60,OFF
12:03:18,9,55,OFF
12:03:19,10,50,OFF
12:03:19,9,55,OFF
12:03:20,10,50,OFF
12:03:20,10,50,OFF
12:03:21,10,50,OFF
12:03:22,11,45,OFF
12:03:22,12,40,OFF
12:03:23,6,70,OFF
12:03:23,6,70,OFF
12:03:24,5,75,OFF
12:03:24,4,80,OFF
12:03:25,3,85,OFF
12:03:26,3,85,OFF
12:03:26,3,85,OFF
12:03:27,5,75,OFF
12:03:27,14,30,OFF
12:03:28,20,0,ON
12:03:28,27,0,ON
12:03:29,28,0,ON
12:03:30,29,0,ON
12:03:30,32,0,ON
12:03:31,32,0,ON
12:03:31,31,0,ON
12:03:32,34,0,ON
12:03:33,32,0,ON
12:03:33,31,0,ON
12:03:34,53,0,ON
12:03:34,6,70,ON
12:03:35,24,0,ON
12:03:36,25,0,ON
12:03:36,28,0,ON
12:03:37,30,0,ON
12:03:37,31,0,ON
12:03:38,20,0,ON
12:03:38,14,30,ON
12:03:39,10,50,ON
12:03:40,8,60,ON
12:03:40,8,60,ON
12:03:41,4,80,ON
12:03:42,5,75,ON
12:03:43,5,75,ON
12:03:43,4,80,ON
12:03:44,4,80,ON
12:13:03,6,70,OFF
12:13:04,3,85,OFF
12:13:05,2,90,OFF
12:13:05,4,80,OFF
12:13:06,4,80,OFF
12:13:07,4,80,OFF
12:13:07,4,80,OFF
12:13:08,4,80,OFF
12:13:08,6,70,OFF
12:13:09,10,50,OFF
12:13:10,11,45,OFF
12:13:10,14,30,OFF
12:13:11,12,40,OFF
12:13:11,12,40,OFF
12:13:12,14,30,OFF
12:13:13,14,30,OFF
12:13:13,14,30,OFF
12:13:14,14,30,OFF
12:13:15,14,30,OFF
12:13:15,14,30,OFF
12:13:16,13,35,OFF
12:13:16,14,30,OFF
12:13:17,13,35,OFF
12:13:18,12,40,OFF
12:13:18,11,45,OFF
12:13:19,10,50,OFF
12:13:19,10,50,OFF
12:13:20,9,55,OFF
12:13:21,9,55,OFF
12:13:21,9,55,OFF
12:13:22,8,60,OFF
12:13:22,8,60,OFF
12:13:23,7,65,OFF
12:13:23,7,65,OFF
12:13:24,6,70,OFF
12:13:25,6,70,OFF
12:13:25,6,70,OFF
12:13:26,6,70,OFF
12:13:27,5,75,OFF
12:13:27,5,75,OFF
12:13:28,5,75,OFF
12:13:29,6,70,OFF
12:13:30,5,75,OFF
12:13:30,4,80,OFF
12:13:31,4,80,OFF
12:13:32,4,80,OFF
12:13:32,4,80,OFF
12:13:33,4,80,OFF
12:13:34,5,75,OFF
12:13:34,4,80,OFF
12:13:35,4,80,OFF
12:13:36,4,80,OFF
12:13:36,5,75,OFF
12:13:37,5,75,OFF
12:13:38,5,75,OFF
12:13:38,6,70,OFF
12:13:39,8,60,OFF
12:13:40,11,45,OFF
12:13:40,7,65,OFF
12:13:41,8,60,OFF
12:13:42,8,60,OFF
12:13:43,6,70,OFF
12:13:43,7,65,OFF
12:13:44,7,65,OFF
12:13:45,7,65,OFF
12:13:45,7,65,OFF
12:13:46,6,70,OFF
12:13:47,8,60,OFF
12:13:47,8,60,OFF
12:13:48,8,60,OFF
12:13:49,8,60,OFF
12:13:49,8,60,OFF
12:13:50,9,55,OFF
12:13:51,9,55,OFF
12:13:51,6,70,OFF
12:13:52,4,80,OFF
12:13:53,3,85,OFF
12:13:53,10,50,OFF
12:13:54,14,30,OFF
12:13:55,16,20,ON
12:13:55,17,15,ON
12:13:56,16,20,ON
12:13:57,18,10,ON
12:13:58,19,5,ON
12:13:58,19,5,ON
12:13:59,19,5,ON
12:14:00,168,0,ON
12:14:01,205,0,ON
12:14:01,16,20,ON
12:14:02,15,25,ON
12:14:03,15,25,ON
12:14:03,16,20,ON
12:14:04,21,0,ON
12:14:05,21,0,ON
12:14:05,21,0,ON
12:14:06,22,0,ON
12:14:07,21,0,ON
12:14:07,22,0,ON
12:14:08,21,0,ON
12:14:09,21,0,ON
12:14:10,20,0,ON
12:14:10,16,20,ON
12:14:11,17,15,ON
12:14:12,14,30,ON
12:14:12,7,65,ON
12:14:13,7,65,ON
12:14:14,8,60,ON
12:14:14,8,60,ON
12:14:15,6,70,ON
12:14:16,7,65,ON
12:14:16,9,55,ON
12:14:17,15,25,ON
12:14:18,17,15,ON
12:14:18,17,15,ON
12:14:19,22,0,ON
12:14:20,18,10,ON
12:14:21,9,55,ON
12:14:21,8,60,ON
12:14:22,10,50,ON
12:14:23,11,45,ON
12:14:24,13,35,ON
13:01:18,4,80,OFF
13:01:18,4,80,OFF
13:01:19,5,75,OFF
13:01:19,4,80,OFF
13:01:19,5,75,OFF
13:01:20,4,80,OFF
13:01:20,5,75,OFF
13:01:20,6,70,OFF
13:01:21,7,65,OFF
13:01:21,8,60,OFF
13:01:21,10,50,OFF
13:01:22,12,40,OFF
13:01:22,13,35,OFF
13:01:22,10,50,OFF
13:01:23,7,65,OFF
13:01:23,5,75,OFF
13:01:23,4,80,OFF
13:01:24,4,80,OFF
13:01:24,10,50,OFF
13:01:24,4,80,OFF
13:01:25,4,80,OFF
13:01:25,3,85,OFF
13:01:25,3,85,OFF
13:01:26,3,85,OFF
13:01:26,3,85,OFF
13:01:26,4,80,OFF
13:01:27,4,80,OFF
13:01:27,3,85,OFF
13:01:27,3,85,OFF
13:01:28,3,85,OFF
13:01:28,3,85,OFF
13:01:28,4,80,OFF
13:01:29,4,80,OFF
13:01:29,4,80,OFF
13:01:29,4,80,OFF
13:01:30,4,80,OFF
13:01:30,5,75,OFF
13:01:30,5,75,OFF
13:01:31,4,80,OFF
13:01:31,7,65,OFF
13:01:31,12,40,OFF
13:01:32,13,35,OFF
13:01:32,7,65,OFF
13:01:32,3,85,OFF
13:01:33,3,85,OFF
13:01:33,3,85,OFF
13:01:33,7,65,OFF
13:01:34,7,65,OFF
13:01:34,2,90,OFF
13:01:34,3,85,OFF
13:01:35,2,90,OFF
13:01:35,2,90,OFF
13:01:35,2,90,OFF
13:01:36,2,90,OFF
13:01:36,2,90,OFF
13:01:36,2,90,OFF
13:01:37,2,90,OFF
13:01:37,2,90,OFF
13:01:37,2,90,OFF
13:01:38,2,90,OFF
13:01:38,4,80,OFF
13:01:38,7,65,OFF
13:01:39,11,45,OFF
13:01:39,11,45,OFF
13:01:39,13,35,OFF
13:01:40,16,20,ON
13:01:40,16,20,ON
13:01:40,16,20,ON
13:01:41,16,20,ON
13:01:41,16,20,ON
13:01:41,17,15,ON
13:01:42,17,15,ON
13:01:42,17,15,ON
13:01:42,17,15,ON
13:01:43,18,10,ON
13:01:43,13,35,ON
13:01:43,8,60,ON
13:01:44,7,65,ON
13:01:44,7,65,ON
13:01:44,7,65,ON
13:01:45,6,70,ON
13:01:45,5,75,ON
13:01:45,5,75,ON
13:01:46,5,75,ON
13:01:46,3,85,ON
13:01:46,1,95,OFF
13:01:47,2,90,OFF
13:01:47,2,90,OFF
13:01:47,2,90,OFF
13:01:48,1,95,OFF
13:01:48,2,90,OFF
13:01:48,3,85,OFF
13:01:49,3,85,OFF
13:01:49,2,90,OFF
13:01:49,3,85,OFF
13:01:50,3,85,OFF
13:01:50,3,85,OFF
13:01:50,3,85,OFF
13:01:51,3,85,OFF
13:01:51,3,85,OFF
13:01:51,3,85,OFF
13:01:52,2,90,OFF
13:01:52,2,90,OFF
13:01:52,2,90,OFF
13:01:53,2,90,OFF
13:01:53,2,90,OFF
13:01:53,2,90,OFF
13:01:54,2,90,OFF
13:01:54,2,90,OFF
13:01:54,2,90,OFF
13:01:55,2,90,OFF
13:01:55,2,90,OFF
13:01:55,3,85,OFF
13:01:56,2,90,OFF
13:01:56,2,90,OFF
13:01:56,2,90,OFF
13:01:57,2,90,OFF
13:01:57,2,90,OFF
13:01:57,2,90,OFF
13:01:58,2,90,OFF
13:01:58,2,90,OFF
13:01:58,2,90,OFF
13:01:58,2,90,OFF
13:01:59,2,90,OFF
13:01:59,2,90,OFF
13:01:59,7,65,OFF
13:02:00,12,40,OFF
13:02:00,15,25,ON
13:02:00,17,15,ON
13:02:01,18,10,ON
13:02:01,18,10,ON
13:02:01,18,10,ON
13:02:02,18,10,ON
13:02:02,19,5,ON
13:02:02,19,5,ON
13:02:03,21,0,ON
13:02:03,19,5,ON
13:02:03,19,5,ON
13:02:04,20,0,ON
13:02:04,19,5,ON
13:02:04,18,10,ON
13:02:05,17,15,ON
13:02:05,10,50,ON
13:02:05,6,70,ON
13:02:06,5,75,ON
13:02:06,4,80,ON
13:02:06,3,85,ON
13:02:07,3,85,ON
13:02:07,4,80,ON
13:02:07,4,80,ON
13:02:08,3,85,ON
13:02:08,3,85,ON
13:02:08,3,85,ON
13:02:09,3,85,ON
13:02:09,3,85,ON
13:02:09,3,85,ON
13:02:10,3,85,ON
13:02:10,3,85,ON
13:02:10,3,85,ON
13:02:11,3,85,ON
13:02:11,4,80,ON
13:02:11,4,80,ON
13:02:12,4,80,ON
13:02:12,4,80,ON
13:02:12,4,80,ON
13:02:13,4,80,ON
13:02:13,4,80,ON
13:02:13,4,80,ON
13:02:14,4,80,ON
13:02:14,4,80,ON
13:02:14,4,80,ON
13:02:15,5,75,ON
13:02:15,4,80,ON
13:02:15,4,80,ON
13:02:16,4,80,ON
13:02:16,4,80,ON
13:02:16,4,80,ON
13:02:17,3,85,ON
13:02:17,2,90,OFF
13:02:17,2,90,OFF
13:02:18,2,90,OFF
13:02:18,3,85,OFF
13:02:18,2,90,OFF
13:02:19,2,90,OFF
13:02:19,3,85,OFF
13:02:19,3,85,OFF
13:02:20,2,90,OFF
13:02:20,2,90,OFF
13:02:20,2,90,OFF
13:02:21,2,90,OFF
13:02:21,3,85,OFF
13:02:21,4,80,OFF
13:02:22,3,85,OFF
13:02:22,4,80,OFF
15:39:07,2,90,OFF
15:39:07,2,90,OFF
15:39:07,2,90,OFF
15:39:08,2,90,OFF
15:39:08,2,90,OFF
15:39:08,2,90,OFF
15:39:09,3,85,OFF
15:39:09,5,75,OFF
15:39:09,5,75,OFF
15:39:10,6,70,OFF
15:39:10,5,75,OFF
15:39:10,6,70,OFF
15:39:11,6,70,OFF
15:39:11,7,65,OFF
15:39:11,8,60,OFF
15:39:12,9,55,OFF
15:39:12,9,55,OFF
15:39:12,10,50,OFF
15:39:13,11,45,OFF
15:39:13,11,45,OFF
15:39:13,12,40,OFF
15:39:14,12,40,OFF
15:39:14,14,30,OFF
15:39:14,15,25,ON
15:39:15,15,25,ON
15:39:15,15,25,ON
15:39:15,12,40,ON
15:39:16,9,55,ON
15:39:16,8,60,ON
15:39:16,7,65,ON
15:39:17,6,70,ON
15:39:17,5,75,ON
15:39:17,5,75,ON
15:39:18,4,80,ON
15:39:18,4,80,ON
15:39:18,4,80,ON
15:39:19,4,80,ON
15:39:19,4,80,ON
15:39:19,4,80,ON
15:39:20,3,85,ON
15:39:20,4,80,ON
15:39:20,4,80,ON
15:39:21,4,80,ON
15:39:21,4,80,ON
15:39:21,4,80,ON
15:39:22,4,80,ON
15:39:22,3,85,ON
15:39:22,3,85,ON
15:39:23,3,85,ON
15:39:23,4,80,ON
15:39:23,4,80,ON
15:39:24,10,50,ON
15:39:24,10,50,ON
15:39:24,14,30,ON
15:39:25,12,40,ON
15:39:25,11,45,ON
15:39:25,12,40,ON
15:39:26,12,40,ON
15:39:26,12,40,ON
15:39:26,12,40,ON
15:39:27,11,45,ON
15:39:27,12,40,ON
15:39:27,11,45,ON
15:39:28,11,45,ON
15:39:28,11,45,ON
15:39:28,10,50,ON
15:39:29,9,55,ON
15:39:29,8,60,ON
15:39:29,6,70,ON
15:39:30,4,80,ON
15:39:30,4,80,ON
15:39:30,4,80,ON
15:39:31,4,80,ON
15:39:31,3,85,ON
15:39:31,2,90,OFF
15:39:32,2,90,OFF
15:39:32,2,90,OFF
15:39:32,3,85,OFF
15:39:33,6,70,OFF
15:39:33,9,55,OFF
15:39:33,9,55,OFF
15:39:34,7,65,OFF
15:39:34,7,65,OFF
15:39:34,6,70,OFF
15:39:35,7,65,OFF
15:39:35,4,80,OFF
15:39:35,4,80,OFF
15:39:35,3,85,OFF
15:39:36,3,85,OFF
15:39:36,3,85,OFF
15:39:36,3,85,OFF
15:39:37,5,75,OFF
15:39:37,6,70,OFF
15:39:37,7,65,OFF
15:39:38,7,65,OFF
15:39:38,9,55,OFF
15:39:38,10,50,OFF
15:39:39,10,50,OFF
15:39:39,11,45,OFF
15:39:39,12,40,OFF
15:39:40,13,35,OFF
15:39:40,17,15,ON
15:39:40,14,30,ON
15:39:41,9,55,ON
15:39:41,8,60,ON
15:39:41,9,55,ON
15:39:42,16,20,ON
15:39:42,11,45,ON
15:39:42,6,70,ON
15:39:43,5,75,ON
15:39:43,4,80,ON
15:39:43,4,80,ON
15:39:44,4,80,ON
15:39:44,3,85,ON
15:39:44,4,80,ON
15:39:45,3,85,ON
15:39:45,3,85,ON
15:39:45,3,85,ON
15:39:46,3,85,ON
15:39:46,4,80,ON
15:39:46,4,80,ON
15:39:47,3,85,ON
15:39:47,3,85,ON
15:39:47,3,85,ON
15:39:48,3,85,ON
15:39:48,3,85,ON
15:39:48,3,85,ON
15:39:49,3,85,ON
15:39:49,3,85,ON
15:39:49,3,85,ON
15:39:50,3,85,ON
15:39:50,3,85,ON
15:39:50,3,85,ON
15:39:51,3,85,ON
15:39:51,3,85,ON
15:39:51,3,85,ON
15:39:52,3,85,ON
15:39:52,3,85,ON
15:39:52,3,85,ON
15:39:53,3,85,ON
15:39:53,3,85,ON
15:39:53,3,85,ON
15:39:54,3,85,ON
15:39:54,3,85,ON
15:39:54,3,85,ON
15:39:55,3,85,ON
15:39:55,3,85,ON
15:39:55,3,85,ON
15:39:56,3,85,ON
15:39:56,2,90,OFF
15:39:56,2,90,OFF
15:39:57,2,90,OFF
15:39:57,2,90,OFF
15:39:57,2,90,OFF
15:39:58,2,90,OFF
15:39:58,2,90,OFF
15:39:58,2,90,OFF
15:39:59,2,90,OFF
15:39:59,2,90,OFF
15:39:59,2,90,OFF
15:40:00,2,90,OFF
15:40:00,2,90,OFF
15:40:00,2,90,OFF
15:40:01,3,85,OFF
15:40:01,2,90,OFF
15:40:01,2,90,OFF
15:40:02,2,90,OFF
15:40:02,2,90,OFF
15:40:02,2,90,OFF
15:40:03,2,90,OFF
15:40:03,2,90,OFF
15:40:03,2,90,OFF
15:40:04,2,90,OFF
15:40:04,2,90,OFF
15:40:04,2,90,OFF
15:40:05,2,90,OFF
15:40:05,2,90,OFF
15:40:05,2,90,OFF
15:40:06,2,90,OFF
15:40:06,2,90,OFF
15:40:06,2,90,OFF
15:40:07,2,90,OFF
15:40:07,2,90,OFF
15:40:07,2,90,OFF
15:40:08,2,90,OFF
15:40:08,2,90,OFF
15:40:08,2,90,OFF
15:40:09,2,90,OFF
15:40:09,4,80,OFF
15:40:09,4,80,OFF
15:40:10,1,95,OFF
15:40:10,1,95,OFF
15:40:10,2,90,OFF
15:40:11,3,85,OFF
15:40:11,3,85,OFF
15:40:11,3,85,OFF
15:40:12,3,85,OFF
15:40:12,3,85,OFF
15:40:12,1,95,OFF
15:40:13,2,90,OFF
15:40:13,2,90,OFF
15:40:13,4,80,OFF
15:40:14,4,80,OFF
15:40:14,5,75,OFF
15:40:14,5,75,OFF
15:40:15,6,70,OFF
15:40:15,8,60,OFF
15:40:15,10,50,OFF
15:40:16,13,35,OFF
15:40:16,14,30,OFF
15:40:16,16,20,ON
15:40:17,13,35,ON
15:40:17,9,55,ON
15:40:17,8,60,ON
15:40:18,6,70,ON
15:40:18,5,75,ON
15:40:18,5,75,ON
15:40:19,5,75,ON
15:40:19,5,75,ON
15:40:19,4,80,ON
15:40:20,4,80,ON
09:52:26,2,90,OFF
09:52:26,3,85,OFF
09:52:27,3,85,OFF
09:52:27,3,85,OFF
09:52:27,3,85,OFF
09:52:28,3,85,OFF
09:52:28,3,85,OFF
09:52:28,3,85,OFF
09:52:29,3,85,OFF
09:52:29,3,85,OFF
09:52:29,3,85,OFF
09:52:30,3,85,OFF
09:52:30,3,85,OFF
09:52:30,3,85,OFF
09:52:31,4,80,OFF
09:52:31,3,85,OFF
09:52:31,4,80,OFF
09:52:32,3,85,OFF
09:52:32,3,85,OFF
09:52:32,3,85,OFF
09:52:33,3,85,OFF
09:52:33,3,85,OFF
09:52:33,3,85,OFF
09:52:34,4,80,OFF
09:52:34,4,80,OFF
09:52:34,3,85,OFF
09:52:35,3,85,OFF
09:52:35,3,85,OFF
09:52:35,2,90,OFF
09:52:36,5,75,OFF
09:52:36,17,15,ON
09:52:36,14,30,ON
09:52:37,21,0,ON
09:52:37,19,5,ON
09:52:37,12,40,ON
09:52:38,6,70,ON
09:52:38,4,80,ON
09:52:38,4,80,ON
09:52:39,2,90,OFF
09:52:39,4,80,OFF
09:52:39,2,90,OFF
09:52:40,2,90,OFF
09:52:40,2,90,OFF
09:52:40,5,75,OFF
09:52:41,2,90,OFF
09:52:41,2,90,OFF
09:52:41,2,90,OFF
09:52:42,2,90,OFF
09:52:42,2,90,OFF
09:52:42,2,90,OFF
09:52:43,2,90,OFF
09:52:43,2,90,OFF
09:52:43,2,90,OFF
09:52:44,2,90,OFF
09:52:44,2,90,OFF
09:52:44,2,90,OFF
09:52:45,2,90,OFF
09:52:45,2,90,OFF
09:52:45,2,90,OFF
09:52:46,1,95,OFF
09:52:46,2,90,OFF
09:52:46,2,90,OFF
09:52:47,2,90,OFF
09:52:47,2,90,OFF
09:52:47,2,90,OFF
09:52:48,2,90,OFF
09:52:48,2,90,OFF
09:52:48,2,90,OFF
09:52:49,2,90,OFF
09:52:49,2,90,OFF
09:52:49,2,90,OFF
09:52:50,2,90,OFF
09:52:50,2,90,OFF
09:52:50,2,90,OFF
09:52:51,2,90,OFF
09:52:51,2,90,OFF
09:52:51,2,90,OFF
09:52:52,2,90,OFF
09:52:52,2,90,OFF
09:52:52,2,90,OFF
09:52:52,2,90,OFF
09:52:53,2,90,OFF
09:52:53,2,90,OFF
09:52:53,2,90,OFF
09:52:54,2,90,OFF
09:52:54,2,90,OFF
09:52:54,2,90,OFF
09:52:55,2,90,OFF
09:52:55,2,90,OFF
09:52:55,2,90,OFF
09:52:56,2,90,OFF
09:52:56,2,90,OFF
09:52:56,2,90,OFF
09:52:57,2,90,OFF
09:52:57,2,90,OFF
09:52:57,2,90,OFF
09:52:58,2,90,OFF
09:52:58,2,90,OFF
09:52:58,2,90,OFF
09:52:59,1,95,OFF
09:52:59,1,95,OFF
09:52:59,2,90,OFF
09:53:00,2,90,OFF
09:53:00,2,90,OFF
09:53:00,2,90,OFF
09:53:01,2,90,OFF
09:53:01,2,90,OFF
09:53:01,2,90,OFF
09:53:02,2,90,OFF
09:53:02,2,90,OFF
09:53:02,2,90,OFF
09:53:03,2,90,OFF
09:53:03,2,90,OFF
09:53:03,2,90,OFF
09:53:04,2,90,OFF
09:53:04,2,90,OFF
09:53:04,2,90,OFF
09:53:05,2,90,OFF
09:53:05,2,90,OFF
09:53:05,2,90,OFF
09:53:06,2,90,OFF
09:53:06,2,90,OFF
09:53:06,2,90,OFF
09:53:07,2,90,OFF
09:53:07,2,90,OFF
09:53:07,2,90,OFF
09:53:08,2,90,OFF
09:53:08,2,90,OFF
09:53:08,2,90,OFF
09:53:09,2,90,OFF
09:53:09,2,90,OFF
09:53:09,2,90,OFF
09:53:10,2,90,OFF
09:53:10,2,90,OFF
09:53:10,2,90,OFF
09:53:11,2,90,OFF
09:53:11,2,90,OFF
09:53:11,2,90,OFF
09:53:12,2,90,OFF
09:53:12,2,90,OFF
09:53:12,2,90,OFF
09:53:13,2,90,OFF
09:53:13,2,90,OFF
09:53:13,2,90,OFF
09:53:14,2,90,OFF
09:53:14,2,90,OFF
09:53:14,2,90,OFF
09:53:15,2,90,OFF
09:53:15,2,90,OFF
09:53:15,2,90,OFF
09:53:16,1,95,OFF
09:53:16,2,90,OFF
09:53:16,2,90,OFF
09:53:17,2,90,OFF
09:53:17,2,90,OFF
09:53:17,1,95,OFF
09:53:18,1,95,OFF
09:53:18,1,95,OFF
09:53:18,1,95,OFF
09:53:19,1,95,OFF
09:53:19,1,95,OFF
09:53:19,1,95,OFF
09:53:20,1,95,OFF
09:53:20,1,95,OFF
09:53:20,1,95,OFF
09:53:21,1,95,OFF
09:53:21,2,90,OFF
09:53:21,1,95,OFF
09:53:22,1,95,OFF
09:53:22,1,95,OFF
09:53:22,1,95,OFF
09:53:23,2,90,OFF
09:53:23,1,95,OFF
09:53:23,1,95,OFF
09:53:24,1,95,OFF
09:53:24,1,95,OFF
09:53:24,1,95,OFF
09:53:25,1,95,OFF
09:53:25,1,95,OFF
09:53:25,1,95,OFF
09:53:26,1,95,OFF
09:53:26,1,95,OFF
09:53:26,1,95,OFF
09:53:27,1,95,OFF
09:53:27,1,95,OFF
09:53:27,1,95,OFF
09:53:28,1,95,OFF
09:53:28,1,95,OFF
09:53:28,1,95,OFF
09:53:29,1,95,OFF
09:53:29,2,90,OFF
09:53:29,2,90,OFF
09:53:30,4,80,OFF
09:53:30,6,70,OFF
09:53:30,7,65,OFF
09:53:31,10,50,OFF
09:53:31,12,40,OFF
09:53:31,14,30,OFF
09:53:32,15,25,ON
09:53:32,17,15,ON
09:53:32,18,10,ON
09:53:33,18,10,ON
09:53:33,18,10,ON
09:53:33,18,10,ON
09:53:34,21,0,ON
09:53:34,22,0,ON
09:53:34,24,0,ON
09:53:35,27,0,ON
09:53:35,24,0,ON
09:53:35,26,0,ON
09:53:36,25,0,ON
09:53:36,23,0,ON
09:53:36,21,0,ON
09:53:36,17,15,ON
09:53:37,15,25,ON
09:53:37,12,40,ON
09:53:37,13,35,ON
09:53:38,11,45,ON
09:53:38,9,55,ON
09:53:38,8,60,ON
09:53:39,6,70,ON
09:53:39,5,75,ON
09:53:39,5,75,ON
09:53:40,4,80,ON
09:53:40,3,85,ON
09:53:40,3,85,ON
09:53:41,2,90,OFF
09:53:41,2,90,OFF
09:53:41,2,90,OFF
09:53:42,2,90,OFF
09:53:42,2,90,OFF
09:53:42,2,90,OFF
09:53:43,5,75,OFF
09:53:43,12,40,OFF
09:53:43,10,50,OFF
09:53:44,12,40,OFF
09:53:44,14,30,OFF
09:53:44,15,25,ON
09:53:45,16,20,ON
09:53:45,15,25,ON
09:53:45,16,20,ON
09:53:46,15,25,ON
09:53:46,15,25,ON
09:53:46,15,25,ON
09:53:47,15,25,ON
09:53:47,15,25,ON
09:53:47,15,25,ON
09:53:48,14,30,ON
09:53:48,13,35,ON
09:53:48,15,25,ON
09:53:49,10,50,ON
09:53:49,18,10,ON
09:53:49,8,60,ON
09:53:50,11,45,ON
09:53:50,12,40,ON
09:53:50,14,30,ON
09:53:51,19,5,ON
09:53:51,21,0,ON
09:53:51,9,55,ON
09:53:52,6,70,ON
09:53:52,6,70,ON
09:53:52,5,75,ON
09:53:53,5,75,ON
09:53:53,4,80,ON
09:53:53,4,80,ON
09:53:54,3,85,ON
09:53:54,3,85,ON
09:53:54,4,80,ON
09:53:55,3,85,ON
09:53:55,2,90,OFF
09:53:55,2,90,OFF
09:53:56,3,85,OFF
09:53:56,3,85,OFF
09:53:56,3,85,OFF
09:53:57,2,90,OFF
09:53:57,2,90,OFF
09:53:57,2,90,OFF
09:53:58,2,90,OFF
09:53:58,2,90,OFF
09:53:58,2,90,OFF
09:53:59,2,90,OFF
09:53:59,2,90,OFF
09:53:59,2,90,OFF
09:54:00,2,90,OFF
09:54:00,2,90,OFF
09:54:00,2,90,OFF
09:54:01,2,90,OFF
09:54:01,2,90,OFF
09:54:01,3,85,OFF
09:54:02,2,90,OFF
09:54:02,2,90,OFF
09:54:02,2,90,OFF
09:54:03,2,90,OFF
09:54:03,2,90,OFF
09:54:03,3,85,OFF
09:54:04,3,85,OFF
09:54:04,3,85,OFF
09:54:04,3,85,OFF
1.0,3,85,OFF,MANUAL
1.0,3,85,OFF,MANUAL
1.0,3,85,OFF,MANUAL
2.0,3,85,OFF,MANUAL
2.0,3,85,OFF,MANUAL
2.0,3,85,OFF,MANUAL
3.0,3,85,OFF,MANUAL
3.0,3,85,OFF,MANUAL
3.0,3,85,OFF,MANUAL
4.0,3,85,OFF,MANUAL
4.0,4,80,OFF,MANUAL
4.0,4,80,OFF,MANUAL
5.0,4,80,OFF,MANUAL
5.0,4,80,OFF,MANUAL
5.0,4,80,OFF,MANUAL
6.0,4,80,OFF,MANUAL
6.0,4,80,OFF,MANUAL
6.0,4,80,OFF,MANUAL
7.0,4,80,OFF,MANUAL
7.0,5,75,OFF,MANUAL
7.0,4,80,OFF,MANUAL
8.0,4,80,OFF,MANUAL
8.0,4,80,OFF,MANUAL
8.0,4,80,OFF,MANUAL
9.0,4,80,OFF,MANUAL
9.0,4,80,OFF,MANUAL
9.0,4,80,OFF,MANUAL
10.0,4,80,OFF,MANUAL
10.0,4,80,OFF,MANUAL
10.0,4,80,OFF,AUTO
11.0,4,80,OFF,AUTO
11.0,4,80,OFF,AUTO
11.0,3,85,OFF,AUTO
12.0,4,80,OFF,MANUAL
12.0,4,80,OFF,MANUAL
12.0,4,80,OFF,MANUAL
13.0,4,80,OFF,MANUAL
13.0,4,80,OFF,MANUAL
13.0,4,80,OFF,AUTO
14.0,3,85,OFF,AUTO
14.0,4,80,OFF,AUTO
14.0,4,80,OFF,AUTO
15.0,4,80,OFF,AUTO
15.0,4,80,OFF,AUTO
15.0,4,80,OFF,AUTO
16.0,4,80,OFF,AUTO
16.0,3,85,OFF,AUTO
16.0,4,80,OFF,AUTO
17.0,6,70,OFF,AUTO
17.0,9,55,OFF,AUTO
17.0,12,40,OFF,AUTO
18.0,16,20,ON,AUTO
18.0,19,5,ON,AUTO
18.0,21,0,ON,AUTO
19.0,20,0,ON,AUTO
19.0,18,10,ON,AUTO
19.0,18,10,ON,AUTO
20.0,17,15,ON,AUTO
20.0,14,30,ON,AUTO
20.0,12,40,ON,AUTO
21.0,11,45,ON,AUTO
21.0,11,45,ON,AUTO
21.0,10,50,ON,AUTO
21.0,10,50,ON,AUTO
22.0,9,55,ON,AUTO
22.0,9,55,ON,AUTO
22.0,8,60,ON,AUTO
23.0,10,50,ON,AUTO
23.0,8,60,ON,AUTO
23.0,8,60,ON,AUTO
24.0,7,65,ON,AUTO
24.0,8,60,ON,AUTO
24.0,7,65,ON,AUTO
25.0,7,65,ON,AUTO
25.0,6,70,ON,AUTO
25.0,8,60,ON,AUTO
26.0,6,70,ON,AUTO
26.0,6,70,ON,AUTO
26.0,7,65,ON,AUTO
27.0,8,60,ON,AUTO
27.0,7,65,ON,AUTO
27.0,7,65,ON,MANUAL
28.0,7,65,ON,MANUAL
28.0,7,65,ON,MANUAL
28.0,7,65,ON,MANUAL
29.0,6,70,ON,MANUAL
29.0,7,65,ON,MANUAL
29.0,7,65,ON,MANUAL
30.0,9,55,ON,MANUAL
30.0,8,60,ON,MANUAL
30.0,9,55,ON,MANUAL
31.0,8,60,ON,MANUAL
31.0,7,65,ON,MANUAL
31.0,9,55,ON,MANUAL
32.0,8,60,ON,MANUAL
32.0,9,55,ON,MANUAL
32.0,8,60,ON,MANUAL
33.0,8,60,OFF,MANUAL
33.0,9,55,OFF,MANUAL
33.0,7,65,OFF,MANUAL
34.0,7,65,OFF,MANUAL
34.0,7,65,OFF,MANUAL
34.0,7,65,OFF,MANUAL
35.0,7,65,OFF,MANUAL
35.0,7,65,OFF,MANUAL
35.0,9,55,OFF,MANUAL
36.0,9,55,OFF,MANUAL
36.0,9,55,OFF,MANUAL
36.0,8,60,ON,MANUAL
37.0,9,55,ON,MANUAL
37.0,9,55,ON,MANUAL
37.0,8,60,ON,MANUAL
38.0,8,60,ON,MANUAL
38.0,10,50,ON,MANUAL
38.0,13,35,ON,MANUAL
39.0,15,25,ON,MANUAL
39.0,7,65,ON,MANUAL
39.0,24,0,ON,MANUAL
40.0,7,65,ON,MANUAL
40.0,7,65,ON,MANUAL
40.0,6,70,ON,MANUAL
41.0,7,65,ON,MANUAL
41.0,6,70,ON,MANUAL
41.0,6,70,ON,MANUAL
42.0,7,65,ON,MANUAL
42.0,6,70,ON,MANUAL
42.0,7,65,ON,MANUAL
43.0,7,65,ON,MANUAL
43.0,6,70,ON,MANUAL
43.0,6,70,ON,MANUAL
44.0,6,70,ON,MANUAL
44.0,7,65,ON,MANUAL
44.0,7,65,ON,MANUAL
45.0,6,70,ON,MANUAL
45.0,6,70,ON,MANUAL
45.0,7,65,ON,MANUAL
46.0,7,65,ON,MANUAL
46.0,7,65,ON,MANUAL
46.0,7,65,ON,MANUAL
47.0,8,60,ON,MANUAL
47.0,8,60,ON,MANUAL
47.0,6,70,ON,MANUAL
48.0,6,70,ON,MANUAL
48.0,5,75,ON,MANUAL
48.0,5,75,ON,MANUAL
49.0,4,80,ON,MANUAL
49.0,4,80,ON,MANUAL
49.0,145,0,ON,MANUAL
50.0,91,0,ON,MANUAL
50.0,87,0,ON,MANUAL
50.0,45,0,ON,MANUAL
51.0,46,0,ON,MANUAL
51.0,51,0,ON,MANUAL
51.0,46,0,ON,MANUAL
52.0,8,60,ON,MANUAL
52.0,9,55,ON,MANUAL
52.0,7,65,ON,MANUAL
53.0,7,65,ON,MANUAL
53.0,10,50,ON,MANUAL
53.0,40,0,ON,MANUAL
54.0,11,45,ON,MANUAL
54.0,10,50,ON,MANUAL
54.0,9,55,ON,MANUAL
55.0,25,0,ON,MANUAL
55.0,10,50,ON,MANUAL
55.0,9,55,ON,MANUAL
56.0,50,0,ON,MANUAL
56.0,9,55,ON,MANUAL
56.0,10,50,ON,MANUAL
57.0,9,55,ON,MANUAL
57.0,10,50,ON,MANUAL
57.0,9,55,ON,MANUAL
58.0,9,55,ON,MANUAL
58.0,7,65,ON,MANUAL
58.0,7,65,ON,MANUAL
59.0,10,50,ON,MANUAL
59.0,10,50,ON,MANUAL
59.0,9,55,ON,MANUAL
60.0,9,55,ON,MANUAL
60.0,11,45,ON,MANUAL
60.0,42,0,ON,MANUAL
61.0,9,55,ON,MANUAL
61.0,33,0,ON,MANUAL
61.0,41,0,ON,MANUAL
62.0,9,55,ON,MANUAL
62.0,12,40,ON,MANUAL
62.0,10,50,ON,MANUAL
63.0,6,70,ON,MANUAL
63.0,5,75,ON,MANUAL
63.0,4,80,ON,MANUAL
64.0,4,80,ON,MANUAL
64.0,5,75,ON,MANUAL
64.0,6,70,ON,MANUAL
65.0,6,70,ON,MANUAL
65.0,3,85,ON,MANUAL
65.0,4,80,ON,MANUAL
66.0,6,70,ON,MANUAL
66.0,43,0,ON,MANUAL
66.0,46,0,ON,MANUAL
67.0,43,0,ON,MANUAL
67.0,45,0,ON,MANUAL
67.0,43,0,ON,MANUAL
68.0,43,0,ON,MANUAL
68.0,13,35,ON,MANUAL
68.0,7,65,ON,MANUAL
69.0,6,70,ON,MANUAL
69.0,6,70,ON,MANUAL
69.0,9,55,ON,MANUAL
70.0,4,80,ON,MANUAL
70.0,4,80,ON,MANUAL
70.0,7,65,ON,MANUAL
71.0,16,20,ON,MANUAL
71.0,9,55,ON,MANUAL
71.0,10,50,ON,MANUAL
72.0,15,25,ON,MANUAL
72.0,9,55,ON,MANUAL
72.0,7,65,ON,MANUAL
73.0,5,75,ON,MANUAL
73.0,10,50,ON,MANUAL
73.0,7,65,ON,MANUAL
74.0,5,75,ON,MANUAL
74.0,5,75,ON,MANUAL
74.0,5,75,ON,MANUAL
75.0,7,65,ON,MANUAL
75.0,10,50,ON,MANUAL
75.0,8,60,ON,MANUAL
75.0,6,70,ON,MANUAL
76.0,10,50,ON,MANUAL
76.0,6,70,ON,MANUAL
76.0,5,75,ON,MANUAL
77.0,6,70,ON,MANUAL
77.0,6,70,ON,MANUAL
77.0,5,75,ON,MANUAL
78.0,6,70,ON,MANUAL
78.0,5,75,ON,MANUAL
78.0,5,75,ON,MANUAL
79.0,6,70,ON,MANUAL
79.0,6,70,ON,MANUAL
79.0,5,75,ON,MANUAL
80.0,6,70,ON,MANUAL
80.0,6,70,ON,MANUAL
80.0,6,70,ON,MANUAL
81.0,6,70,ON,MANUAL
81.0,6,70,ON,MANUAL
81.0,6,70,ON,MANUAL
82.0,6,70,ON,MANUAL
82.0,6,70,ON,MANUAL
82.0,6,70,ON,MANUAL
83.0,4,80,ON,MANUAL
83.0,3,85,ON,MANUAL
83.0,9,55,ON,MANUAL
84.0,3,85,ON,MANUAL
84.0,6,70,ON,MANUAL
84.0,3,85,ON,MANUAL
85.0,6,70,ON,MANUAL
85.0,6,70,ON,MANUAL
85.0,6,70,ON,MANUAL
86.0,3,85,ON,MANUAL
86.0,6,70,ON,MANUAL
86.0,6,70,ON,MANUAL
87.0,6,70,ON,MANUAL
87.0,6,70,ON,MANUAL
87.0,6,70,ON,MANUAL
88.0,6,70,ON,MANUAL
88.0,6,70,ON,MANUAL
88.0,7,65,ON,MANUAL
89.0,6,70,ON,MANUAL
89.0,6,70,ON,MANUAL
89.0,6,70,ON,MANUAL
90.0,6,70,ON,MANUAL
90.0,6,70,ON,MANUAL
90.0,7,65,ON,MANUAL
91.0,6,70,ON,MANUAL
91.0,6,70,ON,MANUAL
91.0,6,70,ON,MANUAL
92.0,6,70,ON,MANUAL
92.0,6,70,ON,MANUAL
92.0,6,70,ON,MANUAL
93.0,6,70,ON,MANUAL
93.0,7,65,ON,MANUAL
93.0,6,70,ON,MANUAL
94.0,7,65,ON,MANUAL
94.0,7,65,ON,AUTO
94.0,6,70,ON,AUTO
95.0,7,65,ON,AUTO
95.0,7,65,ON,AUTO
95.0,6,70,ON,AUTO
96.0,6,70,ON,AUTO
96.0,7,65,ON,AUTO
96.0,7,65,ON,AUTO
97.0,6,70,ON,AUTO
97.0,6,70,ON,AUTO
97.0,6,70,ON,AUTO
98.0,6,70,ON,AUTO
98.0,6,70,ON,AUTO
98.0,6,70,ON,AUTO
99.0,7,65,ON,AUTO
99.0,6,70,ON,AUTO
99.0,6,70,ON,AUTO
100.0,6,70,ON,AUTO
100.0,6,70,ON,AUTO
100.0,6,70,ON,AUTO
101.0,6,70,ON,AUTO
101.0,6,70,ON,AUTO
101.0,6,70,ON,AUTO
102.0,6,70,ON,AUTO
102.0,6,70,ON,AUTO
102.0,6,70,ON,AUTO
103.0,4,80,ON,AUTO
103.0,5,75,ON,AUTO
103.0,9,55,ON,AUTO
104.0,8,60,ON,AUTO
104.0,4,80,ON,AUTO
104.0,2,90,OFF,AUTO
105.0,2,90,OFF,AUTO
105.0,3,85,OFF,AUTO
105.0,1,95,OFF,AUTO
106.0,2,90,OFF,AUTO
106.0,2,90,OFF,AUTO
106.0,2,90,OFF,AUTO
107.0,2,90,OFF,AUTO
107.0,2,90,OFF,AUTO
107.0,2,90,OFF,AUTO
108.0,2,90,OFF,AUTO
108.0,2,90,OFF,AUTO
108.0,2,90,OFF,AUTO
109.0,2,90,OFF,AUTO
109.0,2,90,OFF,AUTO
109.0,3,85,OFF,AUTO
110.0,7,65,OFF,AUTO
110.0,11,45,OFF,AUTO
110.0,13,35,OFF,AUTO
111.0,14,30,OFF,AUTO
111.0,18,10,ON,AUTO
111.0,19,5,ON,AUTO
112.0,16,20,ON,AUTO
112.0,20,0,ON,AUTO
112.0,18,10,ON,AUTO
113.0,18,10,ON,AUTO
113.0,17,15,ON,AUTO
113.0,18,10,ON,AUTO
114.0,17,15,ON,AUTO
114.0,17,15,ON,AUTO
114.0,16,20,ON,AUTO
115.0,17,15,ON,AUTO
115.0,19,5,ON,AUTO
115.0,19,5,ON,AUTO
116.0,14,30,ON,AUTO
116.0,10,50,ON,AUTO
116.0,8,60,ON,AUTO
117.0,7,65,ON,AUTO
117.0,6,70,ON,AUTO
117.0,5,75,ON,AUTO
118.0,6,70,ON,AUTO
118.0,7,65,ON,AUTO
118.0,6,70,ON,AUTO
119.0,5,75,ON,AUTO
119.0,5,75,ON,AUTO
119.0,5,75,ON,AUTO
120.0,5,75,ON,AUTO
120.0,5,75,ON,AUTO
120.0,5,75,ON,AUTO
121.0,5,75,ON,AUTO
121.0,27,0,ON,AUTO
121.0,28,0,ON,AUTO
122.0,29,0,ON,AUTO
122.0,3,85,ON,AUTO
122.0,8,60,ON,AUTO
123.0,3,85,ON,AUTO
123.0,28,0,ON,AUTO
123.0,29,0,ON,AUTO
124.0,2,90,OFF,AUTO
124.0,2,90,OFF,AUTO
124.0,29,0,ON,AUTO
124.0,29,0,ON,AUTO
125.0,4,80,ON,AUTO
125.0,3,85,ON,AUTO
125.0,29,0,ON,AUTO
126.0,5,75,ON,AUTO
126.0,127,0,ON,AUTO
126.0,28,0,ON,AUTO
127.0,7,65,ON,AUTO
127.0,2,90,OFF,AUTO
127.0,26,0,ON,AUTO
128.0,8,60,ON,AUTO
128.0,4,80,ON,AUTO
128.0,1,95,OFF,AUTO
129.0,2,90,OFF,AUTO
129.0,2,90,OFF,AUTO
129.0,2,90,OFF,AUTO
130.0,2,90,OFF,AUTO
130.0,2,90,OFF,AUTO
130.0,2,90,OFF,AUTO
131.0,2,90,OFF,AUTO
131.0,2,90,OFF,AUTO
131.0,2,90,OFF,AUTO
132.0,2,90,OFF,AUTO
132.0,2,90,OFF,AUTO
132.0,2,90,OFF,AUTO
133.0,2,90,OFF,AUTO
133.0,3,85,OFF,AUTO
133.0,3,85,OFF,AUTO
134.0,3,85,OFF,AUTO
134.0,2,90,OFF,AUTO
134.0,2,90,OFF,AUTO
135.0,2,90,OFF,AUTO
135.0,2,90,OFF,AUTO
135.0,2,90,OFF,AUTO
136.0,2,90,OFF,AUTO
136.0,2,90,OFF,AUTO
136.0,2,90,OFF,AUTO
137.0,2,90,OFF,AUTO
137.0,2,90,OFF,AUTO
137.0,3,85,OFF,AUTO
138.0,3,85,OFF,AUTO
138.0,3,85,OFF,AUTO
138.0,3,85,OFF,AUTO
139.0,3,85,OFF,AUTO
139.0,3,85,OFF,AUTO
139.0,3,85,OFF,AUTO
140.0,3,85,OFF,AUTO
140.0,7,65,OFF,AUTO
140.0,13,35,OFF,AUTO
141.0,30,0,ON,AUTO
141.0,29,0,ON,AUTO
141.0,8,60,ON,AUTO
142.0,1,95,OFF,AUTO
142.0,2,90,OFF,AUTO
142.0,2,90,OFF,AUTO
143.0,5,75,OFF,AUTO
143.0,3,85,OFF,AUTO
143.0,4,80,OFF,AUTO
144.0,2,90,OFF,AUTO
144.0,2,90,OFF,AUTO
144.0,2,90,OFF,AUTO
145.0,2,90,OFF,AUTO
145.0,2,90,OFF,AUTO
145.0,2,90,OFF,AUTO
146.0,4,80,OFF,AUTO
146.0,3,85,OFF,AUTO
146.0,3,85,OFF,AUTO
147.0,2,90,OFF,AUTO
147.0,2,90,OFF,AUTO
147.0,3,85,OFF,AUTO
148.0,3,85,OFF,AUTO
148.0,3,85,OFF,AUTO
148.0,3,85,OFF,AUTO
149.0,3,85,OFF,AUTO
149.0,3,85,OFF,AUTO
149.0,3,85,OFF,AUTO
150.0,3,85,OFF,AUTO
150.0,3,85,OFF,AUTO
150.0,3,85,OFF,AUTO
151.0,3,85,OFF,AUTO
151.0,3,85,OFF,AUTO
151.0,29,0,ON,AUTO
152.0,29,0,ON,AUTO
152.0,3,85,ON,AUTO
152.0,2,90,OFF,AUTO
153.0,2,90,OFF,AUTO
153.0,7,65,OFF,AUTO
153.0,3,85,OFF,AUTO
154.0,3,85,OFF,AUTO
154.0,2,90,OFF,AUTO
154.0,3,85,OFF,AUTO
155.0,2,90,OFF,AUTO
155.0,2,90,OFF,AUTO
155.0,2,90,OFF,AUTO
156.0,2,90,OFF,AUTO
156.0,2,90,OFF,AUTO
156.0,2,90,OFF,AUTO
157.0,2,90,OFF,AUTO
157.0,2,90,OFF,AUTO
157.0,3,85,OFF,AUTO
158.0,3,85,OFF,AUTO
158.0,3,85,OFF,AUTO
158.0,2,90,OFF,AUTO
159.0,2,90,OFF,AUTO
159.0,2,90,OFF,AUTO
159.0,2,90,OFF,AUTO
160.0,3,85,OFF,AUTO
160.0,4,80,OFF,AUTO
160.0,5,75,OFF,AUTO
161.0,5,75,OFF,AUTO
161.0,5,75,OFF,AUTO
161.0,5,75,OFF,AUTO
162.0,5,75,OFF,AUTO
162.0,5,75,OFF,AUTO
162.0,6,70,OFF,AUTO
163.0,6,70,OFF,AUTO
163.0,6,70,OFF,AUTO
163.0,7,65,OFF,AUTO
164.0,8,60,OFF,AUTO
164.0,9,55,OFF,AUTO
164.0,8,60,OFF,AUTO
165.0,8,60,OFF,AUTO
165.0,7,65,OFF,AUTO
165.0,7,65,OFF,AUTO
166.0,7,65,OFF,AUTO
166.0,7,65,OFF,AUTO
166.0,7,65,OFF,AUTO
167.0,6,70,OFF,AUTO
167.0,6,70,OFF,AUTO
167.0,6,70,OFF,AUTO
168.0,6,70,OFF,AUTO
168.0,3,85,OFF,AUTO
168.0,1,95,OFF,AUTO
169.0,1,95,OFF,AUTO
169.0,3,85,OFF,AUTO
169.0,7,65,OFF,AUTO
170.0,7,65,OFF,AUTO
170.0,7,65,OFF,AUTO
170.0,6,70,OFF,AUTO
171.0,6,70,OFF,AUTO
171.0,6,70,OFF,AUTO
171.0,6,70,OFF,AUTO
171.0,7,65,OFF,AUTO
172.0,6,70,OFF,AUTO
172.0,9,55,OFF,AUTO
172.0,6,70,OFF,AUTO
173.0,6,70,OFF,AUTO
173.0,4,80,OFF,AUTO
173.0,5,75,OFF,AUTO
174.0,6,70,OFF,AUTO
174.0,3,85,OFF,AUTO
174.0,2,90,OFF,AUTO
175.0,2,90,OFF,AUTO
175.0,6,70,OFF,AUTO
175.0,6,70,OFF,AUTO
176.0,9,55,OFF,AUTO
176.0,37,0,ON,AUTO
176.0,37,0,ON,AUTO
177.0,36,0,ON,AUTO
177.0,9,55,ON,AUTO
177.0,2,90,OFF,AUTO
178.0,3,85,OFF,AUTO
178.0,5,75,OFF,AUTO
178.0,6,70,OFF,AUTO
179.0,3,85,OFF,AUTO
179.0,8,60,OFF,AUTO
179.0,3,85,OFF,AUTO
180.0,3,85,OFF,AUTO
180.0,5,75,OFF,AUTO
180.0,4,80,OFF,AUTO
181.0,6,70,OFF,AUTO
181.0,7,65,OFF,AUTO
181.0,11,45,OFF,AUTO
182.0,13,35,OFF,AUTO
182.0,13,35,OFF,AUTO
182.0,29,0,ON,AUTO
183.0,3,85,ON,AUTO
183.0,11,45,ON,AUTO
183.0,15,25,ON,AUTO
184.0,7,65,ON,AUTO
184.0,11,45,ON,AUTO
184.0,12,40,ON,AUTO
185.0,3,85,ON,AUTO
185.0,3,85,ON,AUTO
185.0,4,80,ON,AUTO
186.0,2,90,OFF,AUTO
186.0,3,85,OFF,AUTO
186.0,2,90,OFF,AUTO
187.0,2,90,OFF,AUTO
187.0,1,95,OFF,AUTO
187.0,1,95,OFF,AUTO
188.0,1,95,OFF,AUTO
188.0,5,75,OFF,AUTO
188.0,2,90,OFF,AUTO
189.0,2,90,OFF,AUTO
189.0,2,90,OFF,AUTO
189.0,8,60,OFF,AUTO
190.0,13,35,OFF,AUTO
190.0,12,40,OFF,AUTO
190.0,13,35,OFF,AUTO
191.0,12,40,OFF,AUTO
191.0,12,40,OFF,AUTO
191.0,7,65,OFF,AUTO
192.0,8,60,OFF,AUTO
192.0,7,65,OFF,AUTO
192.0,6,70,OFF,AUTO
193.0,3,85,OFF,AUTO
193.0,2,90,OFF,AUTO
193.0,2,90,OFF,AUTO
194.0,10,50,OFF,AUTO
194.0,10,50,OFF,AUTO
194.0,11,45,OFF,AUTO
195.0,10,50,OFF,AUTO
195.0,11,45,OFF,AUTO
195.0,11,45,OFF,AUTO
196.0,11,45,OFF,AUTO
196.0,11,45,OFF,AUTO
196.0,19,5,ON,AUTO
197.0,2,90,OFF,AUTO
197.0,2,90,OFF,AUTO
197.0,2,90,OFF,AUTO
198.0,1,95,OFF,AUTO
198.0,1,95,OFF,AUTO
198.0,1,95,OFF,AUTO
199.0,10,50,OFF,AUTO
199.0,3,85,OFF,AUTO
199.0,2,90,OFF,AUTO
200.0,3,85,OFF,AUTO
200.0,2,90,OFF,AUTO
200.0,2,90,OFF,AUTO
201.0,4,80,OFF,AUTO
201.0,4,80,OFF,AUTO
201.0,4,80,OFF,AUTO
202.0,2,90,OFF,AUTO
202.0,2,90,OFF,AUTO
202.0,2,90,OFF,AUTO
203.0,2,90,OFF,AUTO
203.0,1,95,OFF,AUTO
203.0,1,95,OFF,AUTO
204.0,1,95,OFF,AUTO
204.0,1,95,OFF,AUTO
204.0,1,95,OFF,AUTO
205.0,7,65,OFF,AUTO
205.0,4,80,OFF,AUTO
205.0,4,80,OFF,AUTO
206.0,3,85,OFF,AUTO
206.0,4,80,OFF,AUTO
206.0,5,75,OFF,AUTO
207.0,4,80,OFF,AUTO
207.0,1,95,OFF,AUTO
207.0,3,85,OFF,AUTO
208.0,2,90,OFF,AUTO
208.0,2,90,OFF,AUTO
208.0,2,90,OFF,AUTO
209.0,2,90,OFF,AUTO
209.0,2,90,OFF,AUTO
209.0,2,90,OFF,AUTO
210.0,2,90,OFF,AUTO
210.0,2,90,OFF,AUTO
210.0,1,95,OFF,AUTO
211.0,9,55,OFF,AUTO
211.0,9,55,OFF,AUTO
211.0,8,60,OFF,AUTO
212.0,8,60,OFF,AUTO
212.0,8,60,OFF,AUTO
212.0,12,40,OFF,AUTO
213.0,8,60,OFF,AUTO
213.0,9,55,OFF,AUTO
213.0,8,60,OFF,AUTO
214.0,12,40,OFF,AUTO
214.0,12,40,OFF,AUTO
214.0,12,40,OFF,AUTO
215.0,12,40,OFF,AUTO
215.0,12,40,OFF,AUTO
215.0,8,60,OFF,AUTO
216.0,3,85,OFF,AUTO
216.0,2,90,OFF,AUTO
216.0,2,90,OFF,AUTO
217.0,12,40,OFF,AUTO
217.0,12,40,OFF,AUTO
217.0,12,40,OFF,AUTO
218.0,12,40,OFF,AUTO
218.0,4,80,OFF,AUTO
218.0,3,85,OFF,AUTO
219.0,12,40,OFF,AUTO
219.0,12,40,OFF,AUTO
219.0,12,40,OFF,AUTO
220.0,12,40,OFF,AUTO
220.0,12,40,OFF,AUTO
220.0,3,85,OFF,AUTO
220.0,3,85,OFF,AUTO
221.0,3,85,OFF,AUTO
221.0,3,85,OFF,AUTO
221.0,3,85,OFF,AUTO
222.0,3,85,OFF,AUTO
222.0,4,80,OFF,AUTO
222.0,6,70,OFF,AUTO
223.0,7,65,OFF,AUTO
223.0,9,55,OFF,AUTO
223.0,5,75,OFF,AUTO
224.0,3,85,OFF,AUTO
224.0,2,90,OFF,AUTO
224.0,4,80,OFF,AUTO
225.0,4,80,OFF,AUTO
225.0,3,85,OFF,AUTO
225.0,13,35,OFF,AUTO
226.0,29,0,ON,AUTO
226.0,29,0,ON,AUTO
226.0,29,0,ON,AUTO
227.0,29,0,ON,AUTO
227.0,4,80,ON,AUTO
227.0,2,90,OFF,AUTO
228.0,2,90,OFF,AUTO
228.0,4,80,OFF,AUTO
228.0,4,80,OFF,AUTO
229.0,7,65,OFF,AUTO
229.0,4,80,OFF,AUTO
229.0,3,85,OFF,AUTO
230.0,2,90,OFF,AUTO
230.0,4,80,OFF,AUTO
230.0,2,90,OFF,AUTO
231.0,8,60,OFF,AUTO
231.0,3,85,OFF,AUTO
231.0,5,75,OFF,AUTO
232.0,3,85,OFF,AUTO
232.0,4,80,OFF,AUTO
232.0,2,90,OFF,AUTO
233.0,2,90,OFF,AUTO
233.0,7,65,OFF,AUTO
233.0,4,80,OFF,AUTO
234.0,7,65,OFF,AUTO
234.0,96,0,ON,AUTO
234.0,10,50,ON,AUTO
235.0,13,35,ON,AUTO
235.0,144,0,ON,AUTO
235.0,33,0,ON,AUTO
236.0,6,70,ON,AUTO
236.0,10,50,ON,AUTO
236.0,5,75,ON,AUTO
237.0,7,65,ON,AUTO
237.0,4,80,ON,AUTO
237.0,4,80,ON,AUTO
238.0,10,50,ON,AUTO
238.0,6,70,ON,AUTO
238.0,5,75,ON,AUTO
239.0,6,70,ON,AUTO
239.0,4,80,ON,AUTO
239.0,4,80,ON,AUTO
240.0,7,65,ON,AUTO
240.0,5,75,ON,AUTO
240.0,5,75,ON,AUTO
241.0,6,70,ON,AUTO
241.0,6,70,ON,AUTO
241.0,4,80,ON,AUTO
242.0,5,75,ON,AUTO
242.0,5,75,ON,AUTO
242.0,7,65,ON,AUTO
243.0,11,45,ON,AUTO
243.0,8,60,ON,AUTO
243.0,7,65,ON,AUTO
244.0,7,65,ON,AUTO
244.0,7,65,ON,AUTO
244.0,7,65,ON,AUTO
245.0,9,55,ON,AUTO
245.0,10,50,ON,AUTO
245.0,9,55,ON,AUTO
246.0,9,55,ON,AUTO
246.0,10,50,ON,AUTO
246.0,11,45,ON,AUTO
247.0,16,20,ON,AUTO
247.0,12,40,ON,AUTO
247.0,14,30,ON,AUTO
248.0,5,75,ON,AUTO
248.0,4,80,ON,AUTO
248.0,4,80,ON,AUTO
249.0,4,80,ON,AUTO
249.0,4,80,ON,AUTO
249.0,5,75,ON,AUTO
250.0,5,75,ON,AUTO
250.0,5,75,ON,AUTO
250.0,7,65,ON,AUTO
251.0,6,70,ON,AUTO
251.0,5,75,ON,AUTO
251.0,4,80,ON,AUTO
252.0,4,80,ON,AUTO
252.0,5,75,ON,AUTO
252.0,6,70,ON,AUTO
253.0,7,65,ON,AUTO
253.0,7,65,ON,AUTO
253.0,7,65,ON,AUTO
254.0,7,65,ON,AUTO
254.0,8,60,ON,AUTO
254.0,7,65,ON,AUTO
255.0,7,65,ON,AUTO
255.0,7,65,ON,AUTO
255.0,9,55,ON,AUTO
256.0,8,60,ON,AUTO
256.0,7,65,ON,AUTO
256.0,8,60,ON,AUTO
257.0,7,65,ON,AUTO
257.0,5,75,ON,AUTO
257.0,5,75,ON,AUTO
258.0,5,75,ON,AUTO
258.0,10,50,ON,AUTO
258.0,8,60,ON,AUTO
259.0,9,55,ON,AUTO
259.0,8,60,ON,AUTO
259.0,9,55,ON,AUTO
260.0,9,55,ON,AUTO
260.0,8,60,ON,AUTO
260.0,5,75,ON,AUTO
261.0,5,75,ON,AUTO
261.0,7,65,ON,AUTO
261.0,4,80,ON,AUTO
262.0,4,80,ON,AUTO
262.0,3,85,ON,AUTO
262.0,3,85,ON,AUTO
263.0,5,75,ON,AUTO
263.0,7,65,ON,AUTO
263.0,7,65,ON,AUTO
264.0,7,65,ON,AUTO
264.0,4,80,ON,AUTO
264.0,2,90,OFF,AUTO
265.0,7,65,OFF,AUTO
265.0,7,65,OFF,AUTO
265.0,3,85,OFF,AUTO
266.0,4,80,OFF,AUTO
266.0,2,90,OFF,AUTO
266.0,3,85,OFF,AUTO
267.0,5,75,OFF,AUTO
267.0,8,60,OFF,AUTO
267.0,1,95,OFF,AUTO
268.0,4,80,OFF,AUTO
268.0,3,85,OFF,AUTO
268.0,3,85,OFF,AUTO
269.0,5,75,OFF,AUTO
269.0,20,0,ON,AUTO
269.0,7,65,ON,AUTO
270.0,20,0,ON,AUTO
270.0,20,0,ON,AUTO
270.0,20,0,ON,AUTO
271.0,20,0,ON,AUTO
271.0,20,0,ON,AUTO
271.0,20,0,ON,AUTO
272.0,20,0,ON,AUTO
272.0,20,0,ON,AUTO
272.0,20,0,ON,AUTO
273.0,20,0,ON,AUTO
273.0,20,0,ON,AUTO
274.0,20,0,ON,AUTO
274.0,20,0,ON,AUTO
274.0,20,0,ON,AUTO
275.0,20,0,ON,AUTO
275.0,20,0,ON,AUTO
275.0,20,0,ON,AUTO
276.0,1,95,OFF,AUTO
276.0,1,95,OFF,AUTO
276.0,1,95,OFF,AUTO
277.0,1,95,OFF,AUTO
277.0,1,95,OFF,AUTO
277.0,1,95,OFF,AUTO
278.0,1,95,OFF,AUTO
278.0,1,95,OFF,AUTO
278.0,0,100,OFF,AUTO
279.0,1,95,OFF,AUTO
279.0,1,95,OFF,AUTO
279.0,10,50,OFF,AUTO
280.0,10,50,OFF,AUTO
280.0,9,55,OFF,AUTO
280.0,3,85,OFF,AUTO
281.0,15,25,ON,AUTO
281.0,9,55,ON,AUTO
281.0,7,65,ON,AUTO
282.0,9,55,ON,AUTO
282.0,6,70,ON,AUTO
282.0,6,70,ON,AUTO
283.0,6,70,ON,AUTO
283.0,6,70,ON,AUTO
283.0,6,70,ON,AUTO
284.0,4,80,ON,AUTO
284.0,4,80,ON,AUTO
284.0,5,75,ON,AUTO
285.0,4,80,ON,AUTO
285.0,4,80,ON,AUTO
285.0,4,80,ON,AUTO
286.0,4,80,ON,AUTO
286.0,3,85,ON,AUTO
286.0,3,85,ON,AUTO
287.0,3,85,ON,AUTO
287.0,4,80,ON,AUTO
287.0,8,60,ON,AUTO
288.0,11,45,ON,AUTO
288.0,16,20,ON,AUTO
288.0,69,0,ON,AUTO
289.0,3,85,ON,AUTO
289.0,3,85,ON,AUTO
289.0,6,70,ON,AUTO
290.0,6,70,ON,AUTO
290.0,4,80,ON,AUTO
290.0,4,80,ON,AUTO
291.0,5,75,ON,AUTO
291.0,4,80,ON,AUTO
291.0,6,70,ON,AUTO
292.0,4,80,ON,AUTO
292.0,5,75,ON,AUTO
292.0,5,75,ON,AUTO
293.0,5,75,ON,AUTO
293.0,4,80,ON,AUTO
293.0,4,80,ON,AUTO
294.0,4,80,ON,AUTO
294.0,4,80,ON,AUTO
294.0,5,75,ON,AUTO
295.0,6,70,ON,AUTO
295.0,5,75,ON,AUTO
295.0,7,65,ON,AUTO
296.0,7,65,ON,AUTO
296.0,7,65,ON,AUTO
296.0,20,0,ON,AUTO
297.0,80,0,ON,AUTO
297.0,84,0,ON,AUTO
297.0,324,0,ON,AUTO
298.0,294,0,ON,AUTO
298.0,195,0,ON,AUTO
298.0,9,55,ON,AUTO
299.0,7,65,ON,AUTO
299.0,7,65,ON,AUTO
299.0,7,65,ON,AUTO
300.0,7,65,ON,AUTO
300.0,7,65,ON,AUTO
300.0,7,65,ON,AUTO
301.0,7,65,ON,AUTO
301.0,7,65,ON,AUTO
301.0,7,65,ON,AUTO
302.0,7,65,ON,AUTO
302.0,7,65,ON,AUTO
302.0,7,65,ON,AUTO
303.0,7,65,ON,AUTO
303.0,7,65,ON,AUTO
303.0,7,65,ON,AUTO
304.0,7,65,ON,AUTO
304.0,7,65,ON,AUTO
304.0,7,65,ON,AUTO
305.0,7,65,ON,AUTO
305.0,7,65,ON,AUTO
305.0,7,65,ON,AUTO
306.0,7,65,ON,AUTO
306.0,7,65,ON,AUTO
306.0,7,65,ON,AUTO
307.0,7,65,ON,AUTO
307.0,7,65,ON,AUTO
307.0,7,65,ON,AUTO
307.0,7,65,ON,AUTO
308.0,7,65,ON,AUTO
308.0,7,65,ON,AUTO
1.0,9,0,ON,AUTO
1.0,7,0,ON,AUTO
1.0,7,0,ON,AUTO
2.0,5,28,ON,AUTO
2.0,4,42,ON,AUTO
2.0,4,42,ON,AUTO
3.0,3,57,ON,AUTO
3.0,10,0,ON,AUTO
3.0,2,71,ON,AUTO
4.0,4,42,ON,AUTO
4.0,4,42,ON,AUTO
4.0,2,71,ON,AUTO
5.0,3,57,ON,AUTO
5.0,3,57,ON,AUTO
5.0,7,0,ON,AUTO
6.0,7,0,ON,AUTO
6.0,7,0,ON,AUTO
6.0,7,0,ON,AUTO
7.0,7,0,ON,AUTO
7.0,7,0,ON,AUTO
7.0,7,0,ON,AUTO
8.0,7,0,ON,AUTO
8.0,8,0,ON,AUTO
8.0,7,0,ON,AUTO
9.0,7,0,ON,AUTO
9.0,7,0,ON,AUTO
9.0,7,0,ON,AUTO
10.0,7,0,ON,AUTO
10.0,7,0,ON,AUTO
10.0,8,0,ON,AUTO
11.0,7,0,ON,AUTO
11.0,7,0,ON,AUTO
11.0,7,0,ON,AUTO
12.0,7,0,ON,AUTO
12.0,7,0,ON,AUTO
1.0,7,0,ON,AUTO
1.0,6,14,ON,AUTO
1.0,3,57,ON,AUTO
2.0,5,28,ON,AUTO
2.0,2,71,ON,AUTO
2.0,3,57,ON,AUTO
3.0,2,71,ON,AUTO
3.0,2,71,ON,AUTO
3.0,1,85,ON,AUTO
4.0,1,85,ON,AUTO
4.0,1,85,ON,AUTO
4.0,2,71,ON,AUTO
5.0,1,85,ON,AUTO
5.0,1,85,ON,AUTO
5.0,1,85,ON,AUTO
6.0,1,85,ON,AUTO
6.0,1,85,ON,AUTO
6.0,1,85,ON,AUTO
7.0,2,71,ON,AUTO
7.0,2,71,ON,AUTO
7.0,2,71,ON,AUTO
8.0,2,71,ON,AUTO
8.0,2,71,ON,AUTO
8.0,2,71,ON,AUTO
9.0,2,71,ON,AUTO
9.0,2,71,ON,AUTO
9.0,4,42,ON,AUTO
10.0,8,0,ON,AUTO
10.0,8,0,ON,AUTO
10.0,4,42,ON,AUTO
11.0,40,0,ON,AUTO
11.0,13,0,ON,AUTO
11.0,220,0,ON,AUTO
12.0,15,0,ON,AUTO
12.0,50,0,ON,AUTO
12.0,89,0,ON,AUTO
13.0,4,42,ON,AUTO
13.0,2,71,ON,AUTO
13.0,2,71,ON,AUTO
1.0,2,71,OFF,AUTO
1.0,2,71,OFF,AUTO
1.0,2,71,OFF,AUTO
2.0,2,71,OFF,AUTO
2.0,2,71,OFF,AUTO
2.0,2,71,OFF,AUTO
3.0,2,71,OFF,AUTO
3.0,2,71,OFF,AUTO
3.0,2,71,OFF,AUTO
4.0,2,71,OFF,AUTO
4.0,2,71,OFF,AUTO
4.0,2,71,OFF,AUTO
5.0,2,71,OFF,AUTO
5.0,2,71,OFF,AUTO
5.0,2,71,OFF,AUTO
6.0,2,71,OFF,AUTO
6.0,2,71,OFF,AUTO
6.0,2,71,OFF,AUTO
7.0,2,71,OFF,AUTO
7.0,2,71,OFF,AUTO
7.0,8,0,ON,AUTO
8.0,17,0,ON,AUTO
8.0,8,0,ON,AUTO
8.0,8,0,ON,AUTO
9.0,8,0,ON,AUTO
9.0,8,0,ON,AUTO
9.0,9,0,ON,AUTO
10.0,8,0,ON,AUTO
10.0,8,0,ON,AUTO
10.0,7,0,ON,AUTO
11.0,8,0,ON,AUTO
11.0,4,42,ON,AUTO
11.0,2,71,ON,AUTO
12.0,3,57,ON,AUTO
12.0,2,71,ON,AUTO
12.0,2,71,ON,AUTO
13.0,2,71,ON,AUTO
13.0,6,14,ON,AUTO
13.0,3,57,ON,AUTO
14.0,1,85,ON,AUTO
14.0,1,85,ON,AUTO
14.0,1,85,ON,AUTO
15.0,1,85,ON,AUTO
15.0,1,85,ON,AUTO
15.0,2,71,ON,AUTO
16.0,1,85,ON,AUTO
16.0,1,85,ON,AUTO
16.0,1,85,ON,AUTO
17.0,1,85,ON,AUTO
1.0,10,0,ON,AUTO
1.0,10,0,ON,AUTO
1.0,5,28,ON,AUTO
2.0,1,85,ON,AUTO
2.0,1,85,ON,AUTO
2.0,1,85,ON,AUTO
3.0,1,85,ON,AUTO
3.0,1,85,ON,AUTO
3.0,1,85,ON,AUTO
4.0,1,85,ON,AUTO
4.0,1,85,ON,AUTO
4.0,1,85,ON,AUTO
5.0,1,85,ON,AUTO
5.0,2,71,ON,AUTO
5.0,1,85,ON,AUTO
6.0,2,71,ON,AUTO
6.0,4,42,ON,AUTO
6.0,2,71,ON,AUTO
7.0,2,71,ON,AUTO
7.0,2,71,ON,AUTO
7.0,1,85,ON,AUTO
8.0,2,71,ON,AUTO
8.0,1,85,ON,AUTO
8.0,4,42,ON,AUTO
9.0,3,57,ON,AUTO
9.0,2,71,ON,AUTO
9.0,2,71,ON,AUTO
10.0,2,71,ON,AUTO
10.0,2,71,ON,AUTO
10.0,2,71,ON,AUTO
11.0,2,71,ON,AUTO
11.0,2,71,ON,AUTO
11.0,3,57,ON,AUTO
12.0,3,57,ON,AUTO
12.0,3,57,ON,AUTO
12.0,3,57,ON,AUTO
13.0,2,71,ON,AUTO
13.0,2,71,ON,AUTO
13.0,2,71,ON,AUTO
14.0,2,71,ON,AUTO
14.0,2,71,ON,AUTO
14.0,2,71,ON,AUTO
15.0,2,71,ON,AUTO
15.0,2,71,ON,AUTO
15.0,1,85,ON,AUTO
16.0,2,71,ON,AUTO
16.0,2,71,ON,AUTO
16.0,2,71,ON,AUTO
17.0,1,85,ON,AUTO
17.0,1,85,ON,AUTO
17.0,2,71,ON,AUTO
18.0,2,71,ON,AUTO
19.0,2,71,ON,AUTO
19.0,2,0,ON,AUTO
20.0,1,50,ON,AUTO
20.0,1,50,ON,AUTO
20.0,2,0,ON,AUTO
21.0,1,50,ON,AUTO
21.0,2,0,ON,AUTO
21.0,1,50,ON,AUTO
22.0,1,50,ON,AUTO
22.0,1,50,ON,AUTO
22.0,2,0,ON,AUTO
23.0,1,50,ON,AUTO
23.0,2,0,ON,AUTO
23.0,2,0,ON,AUTO
24.0,2,0,ON,AUTO
24.0,1,50,ON,AUTO
24.0,2,0,ON,AUTO
24.0,2,0,ON,AUTO
25.0,1,50,ON,AUTO
25.0,1,50,ON,AUTO
25.0,1,50,ON,AUTO
26.0,2,0,ON,AUTO
26.0,2,0,ON,AUTO
26.0,2,0,ON,AUTO
27.0,2,0,ON,AUTO
27.0,1,50,ON,AUTO
27.0,1,50,ON,AUTO
28.0,1,50,ON,AUTO
28.0,2,0,ON,AUTO
28.0,2,0,ON,AUTO
29.0,2,0,ON,AUTO
29.0,1,50,ON,AUTO
29.0,1,50,ON,AUTO
30.0,1,50,ON,AUTO
30.0,2,0,ON,MANUAL
30.0,2,0,ON,MANUAL
31.0,1,50,ON,MANUAL
31.0,1,50,ON,MANUAL
31.0,2,0,ON,MANUAL
32.0,1,50,ON,MANUAL
32.0,1,50,ON,MANUAL
32.0,2,0,ON,MANUAL
33.0,1,50,ON,MANUAL
33.0,2,0,ON,MANUAL
33.0,2,0,ON,MANUAL
34.0,2,0,ON,AUTO
34.0,2,0,ON,AUTO
34.0,2,0,ON,AUTO
35.0,2,0,ON,AUTO
35.0,2,0,ON,AUTO
35.0,2,0,ON,AUTO
36.0,2,0,ON,AUTO
36.0,2,0,ON,AUTO
36.0,2,0,ON,AUTO
37.0,2,0,ON,AUTO
37.0,2,0,ON,AUTO
37.0,2,0,ON,AUTO
38.0,2,0,ON,AUTO
38.0,2,0,ON,AUTO
38.0,2,0,ON,AUTO
39.0,2,0,ON,AUTO
39.0,2,0,ON,AUTO
39.0,2,0,ON,AUTO
40.0,2,0,ON,AUTO
40.0,2,0,ON,AUTO
40.0,2,0,ON,AUTO
41.0,2,0,ON,AUTO
1.0,5,75,OFF,AUTO
1.0,5,75,OFF,AUTO
1.0,5,75,OFF,AUTO
2.0,5,75,OFF,AUTO
2.0,5,75,OFF,AUTO
2.0,5,75,OFF,AUTO
3.0,5,75,OFF,AUTO
3.0,6,70,OFF,AUTO
3.0,8,60,OFF,AUTO
4.0,8,60,OFF,AUTO
4.0,8,60,OFF,AUTO
4.0,8,60,OFF,AUTO
5.0,7,65,OFF,AUTO
5.0,11,45,OFF,AUTO
5.0,3,85,OFF,AUTO
6.0,3,85,OFF,AUTO
6.0,2,90,OFF,AUTO
6.0,2,90,OFF,AUTO
7.0,3,85,OFF,AUTO
7.0,2,90,OFF,AUTO
7.0,3,85,OFF,AUTO
8.0,3,85,OFF,AUTO
8.0,2,90,OFF,AUTO
8.0,6,70,OFF,AUTO
9.0,11,45,OFF,AUTO
9.0,10,50,OFF,AUTO
9.0,16,20,ON,AUTO
10.0,11,45,ON,AUTO
10.0,12,40,ON,AUTO
10.0,7,65,ON,AUTO
11.0,2,90,OFF,AUTO
11.0,2,90,OFF,AUTO
11.0,2,90,OFF,AUTO
12.0,2,90,OFF,AUTO
12.0,5,75,OFF,AUTO
12.0,15,25,ON,AUTO
13.0,12,40,ON,AUTO
13.0,5,75,ON,AUTO
13.0,2,90,OFF,AUTO
14.0,3,85,OFF,AUTO
14.0,2,90,OFF,AUTO
14.0,2,90,OFF,AUTO
15.0,2,90,OFF,AUTO
15.0,11,45,OFF,AUTO
15.0,11,45,OFF,AUTO
16.0,11,45,OFF,AUTO
16.0,4,80,OFF,AUTO
16.0,2,90,OFF,AUTO
17.0,3,85,OFF,AUTO
17.0,2,90,OFF,AUTO
17.0,6,70,OFF,AUTO
18.0,10,50,OFF,AUTO
18.0,11,45,OFF,AUTO
18.0,12,40,OFF,AUTO
19.0,8,60,OFF,AUTO
19.0,8,60,OFF,AUTO
19.0,7,65,OFF,AUTO
20.0,7,65,OFF,AUTO
20.0,2,90,OFF,AUTO
20.0,4,80,OFF,AUTO
21.0,6,70,OFF,AUTO
21.0,2,90,OFF,AUTO
21.0,2,90,OFF,AUTO
21.0,2,90,OFF,AUTO
22.0,2,90,OFF,AUTO
22.0,6,70,OFF,AUTO
22.0,8,60,OFF,AUTO
23.0,10,50,OFF,AUTO
23.0,10,50,OFF,AUTO
23.0,10,50,OFF,AUTO
24.0,10,50,OFF,AUTO
24.0,10,50,OFF,AUTO
24.0,10,50,OFF,AUTO
25.0,10,50,OFF,AUTO
25.0,10,50,OFF,AUTO
25.0,10,50,OFF,AUTO
26.0,9,55,OFF,AUTO
26.0,7,65,OFF,AUTO
26.0,5,75,OFF,AUTO
27.0,7,65,OFF,AUTO
27.0,9,55,OFF,AUTO
27.0,9,55,OFF,AUTO
28.0,8,60,OFF,AUTO
28.0,8,60,OFF,AUTO
28.0,5,75,OFF,AUTO
29.0,2,90,OFF,AUTO
29.0,1,95,OFF,AUTO
29.0,5,75,OFF,AUTO
30.0,4,80,OFF,AUTO
30.0,2,90,OFF,AUTO
30.0,5,75,OFF,AUTO
31.0,10,50,OFF,AUTO
31.0,11,45,OFF,AUTO
31.0,12,40,OFF,AUTO
32.0,13,35,OFF,AUTO
32.0,12,40,OFF,AUTO
32.0,12,40,OFF,AUTO
33.0,12,40,OFF,AUTO
33.0,12,40,OFF,AUTO
33.0,7,65,OFF,AUTO
34.0,8,60,OFF,AUTO
34.0,6,70,OFF,AUTO
34.0,5,75,OFF,AUTO
35.0,6,70,OFF,AUTO
35.0,5,75,OFF,AUTO
35.0,6,70,OFF,AUTO
36.0,4,80,OFF,AUTO
36.0,5,75,OFF,AUTO
36.0,3,85,OFF,AUTO
37.0,34,0,ON,AUTO
37.0,49,0,ON,AUTO
37.0,46,0,ON,AUTO
38.0,132,0,ON,AUTO
38.0,4,80,ON,AUTO
38.0,10,50,ON,AUTO
39.0,11,45,ON,AUTO
39.0,10,50,ON,AUTO
39.0,3,85,ON,AUTO
40.0,8,60,ON,AUTO
40.0,9,55,ON,AUTO
40.0,4,80,ON,AUTO
41.0,5,75,ON,AUTO
41.0,8,60,ON,AUTO
41.0,10,50,ON,AUTO
42.0,8,60,ON,AUTO
42.0,11,45,ON,AUTO
42.0,3,85,ON,AUTO
43.0,4,80,ON,AUTO
43.0,4,80,ON,AUTO
43.0,4,80,ON,AUTO
44.0,5,75,ON,AUTO
44.0,2,90,OFF,AUTO
44.0,3,85,OFF,AUTO
45.0,3,85,OFF,AUTO
45.0,3,85,OFF,AUTO
45.0,6,70,OFF,AUTO
46.0,6,70,OFF,AUTO
46.0,20,0,ON,AUTO
46.0,26,0,ON,AUTO
47.0,13,35,ON,AUTO
47.0,2,90,OFF,AUTO
47.0,3,85,OFF,AUTO
48.0,3,85,OFF,AUTO
48.0,13,35,OFF,AUTO
48.0,16,20,ON,AUTO
49.0,27,0,ON,AUTO
49.0,23,0,ON,AUTO
49.0,6,70,ON,AUTO
50.0,4,80,ON,AUTO
50.0,11,45,ON,AUTO
50.0,46,0,ON,AUTO
51.0,46,0,ON,AUTO
51.0,47,0,ON,AUTO
51.0,46,0,ON,AUTO
52.0,45,0,ON,AUTO
52.0,46,0,ON,AUTO
52.0,140,0,ON,AUTO
53.0,48,0,ON,AUTO
53.0,56,0,ON,AUTO
53.0,47,0,ON,AUTO
54.0,53,0,ON,AUTO
54.0,42,0,ON,AUTO
54.0,45,0,ON,AUTO
55.0,47,0,ON,AUTO
55.0,43,0,ON,AUTO
55.0,47,0,ON,AUTO
56.0,47,0,ON,AUTO
56.0,43,0,ON,AUTO
56.0,41,0,ON,AUTO
57.0,41,0,ON,AUTO
57.0,6,70,ON,AUTO
57.0,5,75,ON,AUTO
58.0,5,75,ON,AUTO
58.0,4,80,ON,AUTO
58.0,3,85,ON,AUTO
59.0,3,85,ON,AUTO
59.0,8,60,ON,AUTO
59.0,7,65,ON,AUTO
60.0,5,75,ON,AUTO
60.0,4,80,ON,AUTO
60.0,10,50,ON,AUTO
61.0,8,60,ON,AUTO
61.0,6,70,ON,AUTO
61.0,7,65,ON,AUTO
62.0,8,60,ON,AUTO
62.0,10,50,ON,AUTO
62.0,5,75,ON,AUTO
63.0,12,40,ON,AUTO
63.0,11,45,ON,AUTO
63.0,11,45,ON,AUTO
64.0,10,50,ON,AUTO
64.0,12,40,ON,AUTO
64.0,27,0,ON,AUTO
65.0,12,40,ON,AUTO
65.0,11,45,ON,AUTO
65.0,10,50,ON,AUTO
66.0,24,0,ON,AUTO
66.0,5,75,ON,AUTO
66.0,3,85,ON,AUTO
67.0,2,90,OFF,AUTO
67.0,2,90,OFF,AUTO
67.0,2,90,OFF,AUTO
68.0,7,65,OFF,AUTO
68.0,10,50,OFF,AUTO
68.0,12,40,OFF,AUTO
69.0,11,45,OFF,AUTO
69.0,11,45,OFF,AUTO
69.0,11,45,OFF,AUTO
70.0,12,40,OFF,AUTO
70.0,12,40,OFF,AUTO
70.0,12,40,OFF,AUTO
71.0,2,90,OFF,AUTO
71.0,2,90,OFF,AUTO
71.0,2,90,OFF,AUTO
72.0,5,75,OFF,AUTO
72.0,7,65,OFF,AUTO
72.0,11,45,OFF,AUTO
73.0,10,50,OFF,AUTO
73.0,11,45,OFF,AUTO
73.0,11,45,OFF,AUTO
74.0,11,45,OFF,AUTO
74.0,10,50,OFF,AUTO
74.0,11,45,OFF,AUTO
75.0,10,50,OFF,AUTO
75.0,10,50,OFF,AUTO
75.0,10,50,OFF,AUTO
75.0,10,50,OFF,AUTO
76.0,11,45,OFF,AUTO
76.0,10,50,OFF,AUTO
76.0,11,45,OFF,AUTO
77.0,11,45,OFF,AUTO
77.0,11,45,OFF,AUTO
77.0,11,45,OFF,AUTO
78.0,11,45,OFF,AUTO
78.0,11,45,OFF,AUTO
78.0,10,50,OFF,AUTO
79.0,10,50,OFF,AUTO
79.0,14,30,OFF,AUTO
79.0,10,50,OFF,AUTO
80.0,10,50,OFF,AUTO
80.0,10,50,OFF,AUTO
80.0,10,50,OFF,AUTO
81.0,51,0,ON,AUTO
81.0,10,50,ON,AUTO
81.0,19,5,ON,AUTO
82.0,6,70,ON,AUTO
82.0,4,80,ON,AUTO
82.0,2,90,OFF,AUTO
83.0,2,90,OFF,AUTO
83.0,3,85,OFF,AUTO
83.0,8,60,OFF,AUTO
84.0,3,85,OFF,AUTO
84.0,2,90,OFF,AUTO
84.0,2,90,OFF,AUTO
85.0,2,90,OFF,AUTO
85.0,2,90,OFF,AUTO
85.0,2,90,OFF,AUTO
86.0,2,90,OFF,AUTO
86.0,2,90,OFF,AUTO
86.0,2,90,OFF,AUTO
87.0,1,95,OFF,AUTO
87.0,2,90,OFF,AUTO
87.0,2,90,OFF,AUTO
88.0,2,90,OFF,AUTO
88.0,7,65,OFF,AUTO
88.0,120,0,ON,AUTO
89.0,128,0,ON,AUTO
89.0,2,90,OFF,AUTO
89.0,2,90,OFF,AUTO
90.0,2,90,OFF,AUTO
90.0,2,90,OFF,AUTO
90.0,4,80,OFF,AUTO
91.0,1,95,OFF,AUTO
91.0,2,90,OFF,AUTO
91.0,2,90,OFF,AUTO
92.0,4,80,OFF,AUTO
92.0,2,90,OFF,AUTO
92.0,2,90,OFF,AUTO
93.0,2,90,OFF,AUTO
93.0,2,90,OFF,AUTO
93.0,2,90,OFF,AUTO
94.0,2,90,OFF,AUTO
94.0,2,90,OFF,AUTO
94.0,2,90,OFF,AUTO
95.0,2,90,OFF,AUTO
95.0,3,85,OFF,AUTO
95.0,2,90,OFF,AUTO
96.0,3,85,OFF,AUTO
96.0,2,90,OFF,AUTO
96.0,8,60,OFF,AUTO
97.0,9,55,OFF,AUTO
97.0,9,55,OFF,AUTO
97.0,10,50,OFF,AUTO
98.0,10,50,OFF,AUTO
98.0,10,50,OFF,AUTO
98.0,10,50,OFF,AUTO
99.0,10,50,OFF,AUTO
99.0,10,50,OFF,AUTO
99.0,10,50,OFF,AUTO
100.0,17,15,ON,AUTO
100.0,10,50,ON,AUTO
100.0,5,75,ON,AUTO
101.0,2,90,OFF,AUTO
101.0,3,85,OFF,AUTO
101.0,2,90,OFF,AUTO
102.0,2,90,OFF,AUTO
102.0,1,95,OFF,AUTO
102.0,3,85,OFF,AUTO
103.0,3,85,OFF,AUTO
103.0,2,90,OFF,AUTO
103.0,5,75,OFF,AUTO
104.0,2,90,OFF,AUTO
104.0,2,90,OFF,AUTO
104.0,3,85,OFF,AUTO
105.0,4,80,OFF,AUTO
105.0,8,60,OFF,AUTO
105.0,7,65,OFF,AUTO
106.0,5,75,OFF,AUTO
106.0,8,60,OFF,AUTO
106.0,6,70,OFF,AUTO
107.0,5,75,OFF,AUTO
107.0,10,50,OFF,AUTO
107.0,10,50,OFF,AUTO
108.0,10,50,OFF,AUTO
108.0,13,35,OFF,AUTO
108.0,12,40,OFF,AUTO
109.0,12,40,OFF,AUTO
109.0,13,35,OFF,AUTO
109.0,48,0,ON,AUTO
110.0,49,0,ON,AUTO
110.0,74,0,ON,AUTO
110.0,65,0,ON,AUTO
111.0,60,0,ON,AUTO
111.0,5,75,ON,AUTO
111.0,2,90,OFF,AUTO
112.0,1,95,OFF,AUTO
112.0,1,95,OFF,AUTO
112.0,2,90,OFF,AUTO
113.0,3,85,OFF,AUTO
113.0,9,55,OFF,AUTO
113.0,9,55,OFF,AUTO
114.0,21,0,ON,AUTO
114.0,23,0,ON,AUTO
114.0,4,80,ON,AUTO
115.0,2,90,OFF,AUTO
115.0,2,90,OFF,AUTO
115.0,2,90,OFF,AUTO
116.0,2,90,OFF,AUTO
116.0,2,90,OFF,AUTO
116.0,2,90,OFF,AUTO
117.0,22,0,ON,AUTO
117.0,50,0,ON,AUTO
117.0,48,0,ON,AUTO
118.0,51,0,ON,AUTO
118.0,53,0,ON,AUTO
118.0,52,0,ON,AUTO
119.0,51,0,ON,AUTO
119.0,50,0,ON,AUTO
119.0,53,0,ON,AUTO
120.0,3,85,ON,AUTO
120.0,3,85,ON,AUTO
120.0,2,90,OFF,AUTO
121.0,2,90,OFF,AUTO
121.0,2,90,OFF,AUTO
121.0,3,85,OFF,AUTO
122.0,5,75,OFF,AUTO
122.0,2,90,OFF,AUTO
122.0,2,90,OFF,AUTO
123.0,3,85,OFF,AUTO
123.0,2,90,OFF,AUTO
123.0,3,85,OFF,AUTO
124.0,2,90,OFF,AUTO
124.0,2,90,OFF,AUTO
124.0,2,90,OFF,AUTO
125.0,2,90,OFF,AUTO
125.0,2,90,OFF,AUTO
125.0,2,90,OFF,AUTO
126.0,2,90,OFF,AUTO
126.0,2,90,OFF,AUTO
126.0,2,90,OFF,AUTO
127.0,2,90,OFF,AUTO
127.0,2,90,OFF,AUTO
127.0,2,90,OFF,AUTO
127.0,3,85,OFF,AUTO
128.0,3,85,OFF,AUTO
128.0,4,80,OFF,AUTO
128.0,3,85,OFF,AUTO
129.0,3,85,OFF,AUTO
129.0,3,85,OFF,AUTO
129.0,4,80,OFF,AUTO
130.0,4,80,OFF,AUTO
130.0,3,85,OFF,AUTO
130.0,3,85,OFF,AUTO
131.0,3,85,OFF,AUTO
131.0,3,85,OFF,AUTO
131.0,3,85,OFF,AUTO
132.0,2,90,OFF,AUTO
132.0,2,90,OFF,AUTO
132.0,2,90,OFF,AUTO
133.0,2,90,OFF,AUTO
133.0,2,90,OFF,AUTO
133.0,2,90,OFF,AUTO
134.0,2,90,OFF,AUTO
134.0,2,90,OFF,AUTO
134.0,2,90,OFF,AUTO
135.0,2,90,OFF,AUTO
135.0,2,90,OFF,AUTO
135.0,2,90,OFF,AUTO
136.0,2,90,OFF,AUTO
136.0,2,90,OFF,AUTO
136.0,2,90,OFF,AUTO
137.0,2,90,OFF,AUTO
137.0,2,90,OFF,AUTO
137.0,2,90,OFF,AUTO
138.0,2,90,OFF,AUTO
138.0,2,90,OFF,AUTO
138.0,2,90,OFF,AUTO
139.0,2,90,OFF,AUTO
139.0,2,90,OFF,AUTO
139.0,2,90,OFF,AUTO
140.0,2,90,OFF,AUTO
140.0,2,90,OFF,AUTO
140.0,1,95,OFF,AUTO
141.0,1,95,OFF,AUTO
141.0,2,90,OFF,AUTO
141.0,2,90,OFF,AUTO
142.0,3,85,OFF,AUTO
142.0,4,80,OFF,AUTO
142.0,1,95,OFF,AUTO
143.0,1,95,OFF,AUTO
143.0,1,95,OFF,AUTO
143.0,2,90,OFF,AUTO
144.0,3,85,OFF,AUTO
144.0,2,90,OFF,AUTO
144.0,2,90,OFF,AUTO
145.0,2,90,OFF,AUTO
145.0,2,90,OFF,AUTO
145.0,2,90,OFF,AUTO
146.0,2,90,OFF,AUTO
146.0,2,90,OFF,AUTO
146.0,2,90,OFF,AUTO
147.0,2,90,OFF,AUTO
147.0,2,90,OFF,AUTO
147.0,2,90,OFF,AUTO
148.0,2,90,OFF,AUTO
148.0,2,90,OFF,AUTO
148.0,3,85,OFF,AUTO
149.0,1,95,OFF,AUTO
149.0,2,90,OFF,AUTO
149.0,2,90,OFF,AUTO
150.0,2,90,OFF,AUTO
150.0,2,90,OFF,AUTO
150.0,2,90,OFF,AUTO
151.0,2,90,OFF,AUTO
151.0,2,90,OFF,AUTO
151.0,3,85,OFF,AUTO
152.0,4,80,OFF,AUTO
152.0,5,75,OFF,AUTO
152.0,2,90,OFF,AUTO
153.0,2,90,OFF,AUTO
153.0,2,90,OFF,AUTO
153.0,9,55,OFF,AUTO
154.0,5,75,OFF,AUTO
154.0,1,95,OFF,AUTO
154.0,2,90,OFF,AUTO
155.0,2,90,OFF,AUTO
155.0,2,90,OFF,AUTO
155.0,1,95,OFF,AUTO
156.0,1,95,OFF,AUTO
156.0,1,95,OFF,AUTO
156.0,1,95,OFF,AUTO
157.0,1,95,OFF,AUTO
157.0,1,95,OFF,AUTO
157.0,2,90,OFF,AUTO
158.0,6,70,OFF,AUTO
158.0,7,65,OFF,AUTO
158.0,7,65,OFF,AUTO
159.0,11,45,OFF,AUTO
159.0,14,30,OFF,AUTO
159.0,21,0,ON,AUTO
160.0,29,0,ON,AUTO
160.0,29,0,ON,AUTO
160.0,30,0,ON,AUTO
161.0,30,0,ON,AUTO
161.0,26,0,ON,AUTO
161.0,17,15,ON,AUTO
162.0,11,45,ON,AUTO
162.0,6,70,ON,AUTO
162.0,4,80,ON,AUTO
163.0,2,90,OFF,AUTO
163.0,3,85,OFF,AUTO
163.0,2,90,OFF,AUTO
164.0,3,85,OFF,AUTO
164.0,2,90,OFF,AUTO
164.0,4,80,OFF,AUTO
165.0,7,65,OFF,AUTO
165.0,11,45,OFF,AUTO
165.0,14,30,OFF,AUTO
166.0,22,0,ON,AUTO
166.0,26,0,ON,AUTO
166.0,26,0,ON,AUTO
167.0,29,0,ON,AUTO
167.0,27,0,ON,AUTO
167.0,25,0,ON,AUTO
168.0,21,0,ON,AUTO
168.0,10,50,ON,AUTO
168.0,6,70,ON,AUTO
169.0,2,90,OFF,AUTO
169.0,2,90,OFF,AUTO
169.0,4,80,OFF,AUTO
170.0,2,90,OFF,AUTO
170.0,4,80,OFF,AUTO
170.0,3,85,OFF,AUTO
171.0,3,85,OFF,AUTO
171.0,2,90,OFF,AUTO
171.0,7,65,OFF,AUTO
172.0,12,40,OFF,AUTO
172.0,20,0,ON,AUTO
172.0,25,0,ON,AUTO
172.0,30,0,ON,AUTO
173.0,54,0,ON,AUTO
173.0,32,0,ON,AUTO
173.0,58,0,ON,AUTO
174.0,32,0,ON,AUTO
174.0,32,0,ON,AUTO
174.0,26,0,ON,AUTO
175.0,15,25,ON,AUTO
175.0,5,75,ON,AUTO
175.0,1,95,OFF,AUTO
176.0,2,90,OFF,AUTO
176.0,60,0,ON,AUTO
176.0,62,0,ON,AUTO
177.0,59,0,ON,AUTO
177.0,60,0,ON,AUTO
177.0,61,0,ON,AUTO
178.0,44,0,ON,AUTO
178.0,39,0,ON,AUTO
178.0,40,0,ON,AUTO
179.0,39,0,ON,AUTO
179.0,39,0,ON,AUTO
179.0,40,0,ON,AUTO
180.0,42,0,ON,AUTO
180.0,40,0,ON,AUTO
180.0,38,0,ON,AUTO
181.0,38,0,ON,AUTO
181.0,39,0,ON,AUTO
181.0,39,0,ON,AUTO
182.0,40,0,ON,AUTO
182.0,40,0,ON,AUTO
182.0,39,0,ON,AUTO
183.0,55,0,ON,AUTO
183.0,5,75,ON,AUTO
183.0,2,90,OFF,AUTO
184.0,2,90,OFF,AUTO
184.0,2,90,OFF,AUTO
184.0,2,90,OFF,AUTO
185.0,2,90,OFF,AUTO
185.0,2,90,OFF,AUTO
185.0,2,90,OFF,AUTO
186.0,3,85,OFF,AUTO
186.0,2,90,OFF,AUTO
186.0,2,90,OFF,AUTO
187.0,2,90,OFF,AUTO
187.0,2,90,OFF,AUTO
187.0,2,90,OFF,AUTO
188.0,3,85,OFF,AUTO
188.0,3,85,OFF,AUTO
188.0,2,90,OFF,AUTO
189.0,2,90,OFF,AUTO
189.0,2,90,OFF,AUTO
189.0,2,90,OFF,AUTO
190.0,2,90,OFF,AUTO
190.0,2,90,OFF,AUTO
190.0,2,90,OFF,AUTO
191.0,2,90,OFF,AUTO
191.0,2,90,OFF,AUTO
191.0,2,90,OFF,AUTO
192.0,2,90,OFF,AUTO
192.0,2,90,OFF,AUTO
192.0,2,90,OFF,AUTO
193.0,2,90,OFF,AUTO
193.0,2,90,OFF,AUTO
193.0,3,85,OFF,AUTO
194.0,3,85,OFF,AUTO
194.0,3,85,OFF,AUTO
194.0,3,85,OFF,AUTO
195.0,3,85,OFF,AUTO
195.0,3,85,OFF,AUTO
195.0,3,85,OFF,AUTO
196.0,3,85,OFF,AUTO
196.0,20,0,ON,AUTO
